:020000040800F2
:100000000000022039E80008BD070008C107000809
:10001000C5070008C9070008CD0700080000000058
:10002000000000000000000000000000D1070008F0
:10003000D507000800000000D9070008DD07000808
:1000400081E8000881E8000881E8000881E80008EC
:1000500081E8000881E80008E9070008E1070008D6
:1000600081E8000881E8000881E8000881E80008CC
:1000700081E8000881E8000881E8000881E80008BC
:1000800081E8000881E8000881E8000881E80008AC
:1000900081E8000881E8000881E8000881E800089C
:1000A00081E8000881E8000881E8000881E800088C
:1000B000F107000881E8000881E8000881E80008ED
:1000C00081E8000881E8000881E8000881E800086C
:1000D00081E80008A5140008E91400082D1500089F
:1000E00081E8000881E8000881E8000881E800084C
:1000F00081E8000881E8000881E80008610E000836
:1001000081E8000881E8000881E8000881E800082B
:1001100071150008B515000881E8000881E800089D
:1001200081E8000881E8000881E8000881E800080B
:1001300081E8000881E8000881E8000881E80008FB
:1001400081E8000881E8000881E80008F507000858
:1001500081E8000881E8000881E80008F915000836
:1001600081E8000881E8000881E8000881E80008CB
:1001700081E8000881E8000881E8000881E80008BB
:0801800081E8000881E8000895
:1001900030B52C4883B041B34FF4005109F02EF82C
:1001A0002848294D4FF4804109F02AF8274C21684E
:1001B000606801F053FA21686268091A024400235A
:1001C000009321606260A0682B462246211D01F049
:1001D000BDFAA8B1023001D003B030BDE1692846B4
:1001E00003B0BDE8304000F0FDBD4FF4804109F0A0
:1001F00005F81448164D4FF4005109F001F8D5E701
:1002000004F10C01A06801F043FA2369E169012BB4
:10021000E5D100290EDB4A1C05EB4202C5F1000CBA
:10022000C5F1020032F9023D2CF81230954220F857
:100230001230F7D149002846E16103B0BDE83040F3
:1002400000F0D0BD000C0240FC330020AC070020C1
:10025000FC130020F0B5314C83B0002306460D4658
:1002600001938DF80330012201AB0DF1030104F17C
:10027000280007F0CFF810B9019B012B02D0012014
:1002800003B0F0BD771E772F0FD801AB04F1280023
:100290003A46294607F0BEF810B1019B9F42EED1C5
:1002A0009DF8030060B9E855EAE7216B04F12800E6
:1002B000394407F073F9003818BF012003B0F0BDCE
:1002C000012801D00020DBE7022F18D92978FF2967
:1002D00019D000206A1E034600E0E95C02F8011F05
:1002E00002339F42F9D8B31E1B1A5B080133013059
:1002F000874238BF01231D4400202870C0E7002F2B
:10030000FAD02978E5E76B78A3F1FE03B3FA83F31B
:100310005B09580015F81310DCE700BFAC0700209C
:1003200070B5012188B04FF4801008F013FD264EFF
:10033000264C274D0121042008F0E8FC012108206B
:1003400008F0E4FC4FF48052224B029202A930469E
:10035000039308F0DDFE042302A92046029308F06F
:10036000D7FE304608220C2108F058FF082220460C
:10037000022108F053FF4FF4E133002404A928467A
:1003800004934FF44023CDE90543ADF81C4009F038
:10039000D9FE012240F2255128460AF035F80E4BCD
:1003A000019301A808F00EFB0121284609F052FF35
:1003B0000A4B0D2283F84C24A3F87E44A3F8804412
:1003C00083F8824408B070BD00080240000C02406F
:1003D000005000400202000135000001AC0700207F
:1003E00010B50D4C002004F24C4100F0D7FF01285D
:1003F00084F8BC0400D010BD084BD4F84C249A42B9
:10040000F9D104F58A600EF03CFAFF28F3D8BDE874
:10041000104000F06FBC00BFAC070020564F4C3AB4
:100420002DE9F04FAE4FAF49ADF50D7D4FF4807320
:1004300015A8CDE9137307F09DF9002840F0BE80A0
:10044000A7F59363A74EA84DDFF8BCA20293A7F5CA
:1004500098640DA915A807F0BBF9002840F0AE80FC
:100460009DF83D30002B00F0A9802E2BF1D0139B7E
:100470001A780AB90DF13D039DF83C20D006E8D466
:100480005AAF2946324638460EF0B8FA2E21384681
:100490000EF0EEFA0028DCD0B842DAD0411C9348C6
:1004A0000DF0DAF90028D4D139464FF40053904FBB
:1004B000029867600122236006F00CFF0028C8D173
:1004C00004908DF878008DF8F00004AB89480A227A
:1004D00007A906F09FFF002874D1049B0A2B71D155
:1004E0009DF81C30492B03D19DF81D30442B6CD056
:1004F0004FF000090DF128087E48494607F04EF8F4
:1005000043467B497B484FF4005206F083FF01F0DD
:100510009FF8C823A060C4F8C035D4F8C035002BBC
:10052000FBD10622022140F20F10019300F0BEFA27
:10053000AF2000F0DFFB019B6F48DFF8B4B1DFF8BC
:10054000B491194600F0F4FBC82000F0D3FBFFF78C
:1005500047FF2368B3F5805FF9DA2268616858467F
:100560000EF0C8FA226821686760C2F5005239446B
:1005700043464846019206F04DFFD8F80030019AF4
:100580004FF400519A42216004D818B9DAF81030BB
:10059000DA07DCD500F0FEFB00230622022140F240
:1005A0000F1000F083FA002000F0A4FB514806F081
:1005B000EDFFDAF81030DB07FBD44AE70DF50D7DCF
:1005C000BDE8F08F0DF128089AE79DF81E30332B17
:1005D0008ED19DF822909DF823309DF81FB04FEAF0
:1005E00049599B0303F4FE1309F07E6949EA0309A4
:1005F0009DF8253003F07F0349EA03099DF8243074
:10060000DB0103F47E5349EA03099DF821305906C2
:100610000DF128087AD402230193CDF80C903548C7
:1006200004AB0A22414606F0F5FE00287FF468AFCD
:10063000049B0A2B7FF464AF98F80030002B34D071
:10064000B8F8002044F233439A4235D02B4B93E85C
:100650000300D8F8003005938DF818100BAB0CA8E8
:100660004FF00009BBF1030F22D0BBF1040F04D1FE
:100670001A7802F07F0202EBC91901339842F1D1D6
:100680001F4905A80DF0E8F818B31E4905A80DF09C
:10069000E3F8B0B948463CA9FFF7DCFD28B9019B57
:1006A000013B0193019B002BB9D1DDF80C9023E7AE
:1006B0001A7802EB0929E0E798F80230492BC5D1F6
:1006C000F3E7216B0B48494406F068FF0028A6D0E9
:1006D00016E748461EA9FFF7BDFD0028DFD0E4E776
:1006E0006C0C0020047D0108F07C0108F87C0108F6
:1006F00000540020D407002091010008184301088D
:10070000007D0108087D01080000024004AB0422BE
:100710004146114806F07EFE98F8003098F8012016
:100720000D485B05920302F4FE1203F07E6313434F
:1007300098F8032002F07F02134398F80220D201B8
:1007400002F47E521343226B043A991806F026FFF6
:1007500000283FF460AFD3E6D407002010B52E2167
:1007600004460EF085F918B1844201D0013010BD65
:10077000004810BD047D0108074BD3F8C02522B105
:10078000D3F8C025013AC3F8C025D3F84C2C013268
:10079000C3F84C2C704700BFAC07002082B0054A5C
:1007A0000190019BC2F8C035D2F8C035002BFBD1B7
:1007B00002B07047AC070020704700BF704700BF11
:1007C000FEE700BFFEE700BFFEE700BFFEE700BF99
:1007D000704700BF704700BF704700BFFFF7CCBF36
:1007E000022008F003BC00BF012008F0FFBB00BFDF
:1007F00000F090BC01480BF0ABBE00BF040E00201F
:1008000039483A4AD0F8883043F47003C0F8883049
:100810001368002143F00103136091601368A0F195
:10082000BC2023F0847323F48033F03813605060CD
:10083000136882B023F480231360D160009101918A
:10084000136843F48033136003E0009BB3F5A06F9B
:1008500009D0136803F400330193009B0133009324
:10086000019B002BF1D0214B1B6813F4003318BF00
:1008700001230193019B012B05D01B4B4FF000621C
:100880009A6002B07047194B19491A6C194842F026
:1008900080521A640A6842F480420A609A689A6038
:1008A0009A6842F400429A609A6842F4A0529A60B0
:1008B00058601A6842F080721A601A689201FCD57A
:1008C0000D4A40F205611160996821F003019960B9
:1008D000996841F00201A2F580629960936803F083
:1008E0000C03082BFAD1C8E700ED00E00038024005
:1008F0000070004008544007003C0240164A9368CC
:1009000003F00C03042B0BD0082B0BD0134B124A13
:1009100013499268C2F303128A5CD3400B6170479B
:10092000104BF4E75368516813F4800F536814BFF9
:100930000C4A0A4AC3F3881301F03F01B2FBF1F2FB
:1009400002FB03F3044A5268C2F30142013252002F
:10095000B3FBF2F3DBE700BF003802400024F400F1
:100960000000002040787D014FF0FF30704700BF4D
:100970000020704700207047104670470E4A08B5A7
:1009800013684BB1EFF308807047C3420BD1116875
:1009900001441160184608BD084B1360EFF308804E
:1009A0007047C342F3D00EF07BF80C2303604FF086
:1009B000FF33184608BD00BF047400200CE200207D
:1009C0004FF400534B600020704700BF0120704778
:1009D0000120704708B50EF063F8162303604FF04E
:1009E000FF3008BDEFF308807047704710B4144A19
:1009F000138B9C07FCD41388114C9BB243F4807377
:100A00001380A38ADB07FCD594230D4A2382938AA3
:100A10009C07FCD583B20A48148B1382838A1A067A
:100A2000FCD589B2064A0182938A5B07FCD51388FC
:100A30005DF8044B9BB243F400731380704700BF12
:100A400000540040154A164B164910B4C2F8B810AD
:100A500018681549C2F8BC00C2F8C0105868C2F83E
:100A6000C4000421C2F8CC10D2F8B8101C6941F0BF
:100A700001010020C2F8B81058609A68012182F084
:100A800001029A6019732CB19968586923465DF880
:100A9000044B18475DF8044B704700BF00600240EC
:100AA00008740020502C01000C3C00402DE9F04F50
:100AB000DFF80CC2DFF8F8A18846012185B00024D8
:100AC00007460846CCF80440CCF81040CCF800406B
:100AD000CCF81440CCF8084015468CF80C401E4663
:100AE00008F014F90121022008F010F90121042076
:100AF00008F00CF90121082008F008F901214FF451
:100B0000001008F003F901214FF4001008F022F959
:100B100001214FF4004008F01DF94FF0100940F298
:100B2000012302A950460393CDF8089008F0F0FA8B
:100B30005B4A5C484FF4107302A9CDE9023208F019
:100B4000E7FA58480422062108F068FB04225548B9
:100B5000092108F063FB40F2022B4FF4A4535248E2
:100B6000029302A9CDF80CB008F0D2FA4E48062242
:100B7000072108F053FB4C4806220A2108F04EFBDF
:100B8000062249480C2108F049FB4848CDF80CB032
:100B900002A9CDF8089008F0BBFA444806220421C7
:100BA00008F03CFBAAF81A900194019B44F6FE7CE5
:100BB000634506DC00BF019C01340194019C64453F
:100BC000F8DD3B4B3B4C10221A8301214FF40010FF
:100BD00008F0FCF800214FF4001008F0F7F8364B4D
:100BE0002A229A8048F233021A81D2229A832B2237
:100BF0001A8440F201421A8001210220FFF7F6FE1A
:100C0000AF210420FFF7F2FE81210520FFF7EEFE61
:100C100004210620FFF7EAFE18212020FFF7E6FE58
:100C200018212120FFF7E2FE9E210220FFF7DEFEC1
:100C300000210A20FFF7DAFE04210E20FFF7D6FE7E
:100C400000212720FFF7D2FE0F211F20FFF7CEFE45
:100C50000A211A20FFF7CAFE0A211B20FFF7C6FE51
:100C6000164B00229A83A368BF0123F4000347EACE
:100C70000877A360C4F88470236843F0806323601E
:100C800021680B01FCD545EA06230C4A43F40075A4
:100C9000ADB24FF460631584938305B0BDE8F08F67
:100CA000020201000004024000080240000002406D
:100CB000000C02400038024000540040003C00405C
:100CC0000874002008B59E210220FFF78FFE024B1A
:100CD0004FF460629A8308BD003C004008B50121D2
:100CE0000220FFF783FE024B00229A8308BD00BF5B
:100CF000003C004000B5193083B0C1B22020019102
:100D0000FFF774FE0199212003B05DF804EB6DE656
:100D1000034A13899B07FCD580B29081704700BFBE
:100D2000003C0040014B80B298817047003C00407D
:100D3000144AD2F8B83023F0010370B40446C2F864
:100D4000B8300846D2F8B83013F00103FAD10E4D8E
:100D50000E4A0F492B734FF400464FF0400CC5E983
:100D60000440566082F82FC38A8892B242F0020291
:100D70008A80AB601CB1A968234670BC184770BC60
:100D8000704700BF006002400874002000E100E0EE
:100D9000003C00400F4AD2F8B83023F0010310B4F1
:100DA000C2F8B830D2F8B83013F00103FAD10A48CB
:100DB0000A4903738A88036122F002031B04084C6A
:100DC0001B0C8B804FF40043C4F884305DF8044B57
:100DD000704700BF0060024008740020003C0040E3
:100DE00000E100E00E4B5A6810B51AB130BF5A68E6
:100DF000002AFBD10B4A4FF40044C2F884405860EB
:100E000019601B7B23B1074B4FF400425A6010BDA1
:100E1000FFF718FE034B4FF400425A6010BD00BFAD
:100E20000874002000E100E00B4B5A680AB1002072
:100E300070470A4A10B54FF40044C2F88440586025
:100E400019601B7B2BB1054B4FF400425A60012007
:100E500010BDFFF7F7FDF6E70874002000E100E0A1
:100E6000054A0649D36843F00063D3604B6803B179
:100E7000E8E50B73704700BF006002400874002073
:100E8000704700BF704700BF704700BF704700BF8A
:100E90000120704702484FF4804108F0AFB900BF0D
:100EA000000C024008B507484FF4804108F0A8F94B
:100EB00004484FF4805108F0A3F9034B00221A6054
:100EC00008BD00BF000C0240F413002010B50A4911
:100ED000002006F0EFF958B9084A136804460133B8
:100EE000074813604FF4805108F088F9204610BD80
:100EF0004FF0FF3010BD00BF20740020F41300201D
:100F0000000C0240704700BF704700BF704700BF31
:100F1000704700BF704700BF704700BF704700BFF9
:100F2000704700BF704700BF08B54FF4FA7000F07B
:100F3000EFF80849002006F0BDF950B9064A074805
:100F40001368013313604FF48051BDE8084008F086
:100F500055B908BD20740020F4130020000C024095
:100F600030B51F4C85B003460D464FF08040002140
:100F7000236008F0F1FA002201214FF0804008F0D0
:100F800031FF022D42F6DF6308BF0B23002201A9C7
:100F90004FF0804002930523ADF80C20019308F038
:100FA0002DFA01214FF0804008F03EFF01214FF063
:100FB000804008F0ABFA012211464FF0804008F063
:100FC00011FF01214FF0804008F0C6FA2168002986
:100FD000FCD14FF0804005B0BDE8304008F0BCBA0D
:100FE000BC7C0020704700BF10B50121264C84B0A6
:100FF000084607F08BFE40F2023302A920464FF468
:10100000D052CDE9022308F083F820460A220921B4
:1010100008F004F920460A220B2108F0FFF82046C8
:101020000A220C2108F0FAF8032302A920464FF403
:1010300080628DF80D3040F20113ADF80E3002924F
:1010400008F066F80A221146204608F0E7F8012168
:101050004FF4804007F08AFE0121802007F062FEF5
:1010600000214FF0006007F0E5FC4FF4A06007F0AE
:101070009FFC064B019301A807F0A4FC0121084640
:1010800007F068FE04B010BD000002401C00010122
:1010900000B54FF4C06083B007F08AFC064B0193A3
:1010A00001A807F08FFC054B019301A807F08AFC0B
:1010B00003B05DF804FB00BF430101011701020109
:1010C000034811B9012108F099B8012108F098B836
:1010D0000008024030B50C4D83B00121042007F018
:1010E00015FE012440F2012369462846CDE900435C
:1010F00008F00EF82146284608F080F82146C8205E
:10110000FFF72EFF03B030BD00080240022127E7A1
:10111000012125E708B501214FF0804008F078FE55
:1011200000B908BD01214FF0804008F07DFE064B5C
:10113000196819B11A68013A1A6008BDBDE808407B
:101140004FF0804008F008BABC7C00202DE9F04345
:10115000364C374E374FDFF8E49089B004F1700811
:10116000206A012107F0D2FD206B012107F0CEFD9E
:10117000E3686068BB424FF0010154D04B4552D048
:10118000012107F0E7FD227A94F82410A06908F005
:1011900045F8227A94F83410A06A08F03FF8A38B3F
:1011A000254AA06902A9CDE9023207F0B1FFA38D5B
:1011B000A06A029302A907F0ABFFE068012109F0E1
:1011C00061F8D4E9030300254FF4402204A9CDE9D6
:1011D00004350692ADF81C5008F0B4FFE068012118
:1011E00009F038F8E068012240F2255109F00CF9C5
:1011F000383414F8242C8DF804204FF4807301A89F
:10120000ADF806308DF8055007F0DCFB0D234445A2
:1012100033707586B58686F8365006F138069FD14C
:1012200009B0BDE8F08307F0A1FDACE75C00002049
:10123000F80B0020001001400203000100140140DF
:10124000F8B50A4EC0EBC0050F4606EBC504E068D2
:10125000802109F0F3F80028F9D006EBC5063946DD
:10126000F068BDE8F84009F029B800BF5C00002034
:101270002DE9F0410B7806461746B3B1DFF8188127
:10128000C0EBC0040D4608EBC4041FFA83F8E06805
:10129000802109F0D3F80028F9D0E068414609F030
:1012A0000DF815F8013F002BEFD1013F032F70D847
:1012B000DFE807F02B4D1702DFF8DC80C6EBC6062F
:1012C00008EBC604E068802109F0B8F80028F9D0DE
:1012D00008EBC6080D21D8F80C00BDE8F04108F075
:1012E000EDBFDFF8B480C6EBC60608EBC604E068C5
:1012F000802109F0A3F80028F9D008EBC6060A21DE
:10130000F068BDE8F04108F0D9BFDFF88C80C6EB8B
:10131000C604F50008EBC404E068802109F08EF8EB
:101320000028F9D0E0680A2108F0C8FFAD1B08EBDF
:10133000C504E068802109F081F80028F9D008EBA5
:10134000C5050D21E868BDE8F04108F0B7BFDFF83A
:101350004880C6EBC604F50008EBC404E0688021B1
:1013600009F06CF80028F9D0E0680D2108F0A6FF1C
:10137000AD1B08EBC504E068802109F05FF8002888
:10138000F9D008EBC5050A21E868BDE8F04108F08E
:1013900095BFBDE8F08100BF5C000020F0B5234E92
:1013A000C0EBC00406EBC404B4F834E0658EAE456F
:1013B00011D0C700734608E014F803C0BCF10D0F4C
:1013C00093B210D0322B28BF0023AB4203F10102AD
:1013D000F2D10020F0BD94F836000228F9D10023A4
:1013E00084F83630F0BDA7EB000C06EBCC0C0023E4
:1013F00003E0AE45CA54A3B20ED00EF101041CF8AE
:101400000E201FFA84FEBEF1320F28BF4FF0000EEF
:101410000D2A03F10104ECD13F1A06EBC7060022A6
:10142000CA540120A6F834E0F0BD00BFF80B00203C
:10143000134BC0EBC00203EBC20200B5A1F1200EBA
:10144000BEF15E0FB2F832C04FEAC00203D90D29D7
:1014500001D05DF804FB121A03EBC2030CF1010288
:1014600092B2322A988E03F80C1028BF00229042C4
:101470005A8604BF022283F836205DF804FB00BFC1
:10148000F80B0020064B1A7D824206D093F84C30B0
:10149000834208BF012001D070470020FFF7C8BF7A
:1014A0005C00002010B50E4840F2255108F0D0FF36
:1014B000012800D010BD0446094808F003FF094B7D
:1014C0001A7D252A04D093F84C30252B01D010BD6D
:1014D000002401462046BDE81040FFF7A9BF00BF29
:1014E000001001405C00002010B50E4840F225516C
:1014F00008F0AEFF012800D010BD0446094808F0EE
:10150000E1FE094B1A7D262A04D093F84C30262B95
:1015100001D010BD002401462046BDE81040FFF771
:1015200087BF00BF004400405C00002010B50E489B
:1015300040F2255108F08CFF012800D010BD044670
:10154000094808F0BFFE094B1A7D272A04D093F8FA
:101550004C30272B01D010BD002401462046BDE8A9
:101560001040FFF765BF00BF004800405C0000204E
:1015700010B50E4840F2255108F06AFF012800D04E
:1015800010BD0446094808F09DFE094B1A7D342A17
:1015900004D093F84C30342B01D010BD0024014608
:1015A0002046BDE81040FFF743BF00BF004C00409D
:1015B0005C00002008B50E4840F2255108F048FFB5
:1015C00000B908BD0A4808F07DFE0A4B1A7D352A8D
:1015D0000BD093F84C30352B08BF0123F1D10146D5
:1015E0001846BDE80840FFF723BF0023F7E700BF18
:1015F000005000405C00002010B50E4840F225511C
:1016000008F026FF012800D010BD0446094808F064
:1016100059FE094B1A7D472A04D093F84C30472BCA
:1016200001D010BD002401462046BDE81040FFF760
:10163000FFBE00BF001401405C0000202C810108A7
:1016400000000020AC070020AC0700200CE20020C6
:1016500000F078BD08B100F0DDBD7047012913DD51
:10166000A0F1020C8C44431EC0F1010101E063456E
:101670000AD0C81813F8012FFF2AF8D15A7802F0BF
:10168000E002E02AF3D170474FF0FF30704700BF0F
:1016900018B1D0F8D037032B08D00023C1E90033AC
:1016A000C1E90233C1E904338B617047D0F8B82730
:1016B00010B4D0F8BC47C1E90024D0F8C0278A6034
:1016C0001022CA6090F8D407074A886100EB400CEA
:1016D00002EB4C02B2F9042004FB02F2C1E904233C
:1016E0005DF8044B704700BFE046010848B338B5C9
:1016F0000C461146054600F00BFB01301ED0D5F814
:10170000D037032B1AD1D5F8B827D5F8BC17C4E9C0
:101710000021D5F8C027A2601022E26095F8D427F6
:101720006361094BA26102EB420003EB400300201E
:10173000B3F9043001FB03F3236138BD6FF00500FA
:1017400038BD6FF004007047E04601082DE9F04F06
:1017500089B00493002800F0D1810F4609689246B1
:10176000814600F0D5FAB0F10008C0F2C4813968B2
:1017700041443960484600F0AFFB0028C0F20782C0
:10178000DAF800303A6808EB0001591A02EB000E53
:10179000C7F800E0CAF80010D9F8B837002B00F0FD
:1017A0008F80D9F8B0374BB1D9F8B447484600F02C
:1017B000A3FA2044C9F8CC07DAF80010129B002BDA
:1017C00000F0ED80D9F8D837C9F8CC17002B40F0DD
:1017D0007D81002940F37A81C9F8DC17D7F80080B1
:1017E000DAF800305B1A41443960CAF80030D9F8A1
:1017F000C427D9F8DC470020824207904FEAC4048E
:101800005BDD09F5FC6383460593D9F8BC37002BF3
:1018100040F3F280059BCDF80CB04FF0000A57461C
:10182000079EC3469A4618E0A4452FDC039801970B
:101830000090484601F032F8002807F10107C5EB97
:10184000C0058344C0F20C81079ED9F8BC373544EB
:10185000BB42A8EB050440F3CC80039800905946A6
:10186000234607AA0197484602F0B0FB079D5AF8A5
:1018700004CBC6EBC00606EB050E8344002807AA7E
:101880005946ACEB0E03A4EB0E08CDDAD9F8C82705
:10189000D9F8C417D9F8BC3701FB02F203FB02F2F6
:1018A000002A08DD049B023B03EB4202002123F8DF
:1018B000021F9A42FBD16FF0070009B0BDE8F08F1C
:1018C000D9F8B037002B7FF46FAF0123C9F8B037D8
:1018D000DAF800104E1E002EA2EB080C734619DD3C
:1018E000002502E00135B54214D01C4613F8012B47
:1018F000FF2AF7D1627802F0E002E02AF2D19CF8E8
:101900000030FF2B22D00335491B4E1E002E04F160
:101910000303E5DC4FF0FF33C9F8B437D9F8C43717
:10192000D9F8C817D9F8BC2701FB03F302FB03F36E
:10193000002B08DD049A023A02EB4303002122F84F
:10194000021F9342FBD16FF00200B6E762789CF869
:1019500001309A42D7D19CF80220A378534013F06B
:10196000FC0FD0D1930748BF04F1FF34A4EB0E0461
:10197000002CC9F8B447D1DBD9F8C027D9F8C8176B
:1019800008EB0403034402FB03F3D9F8C427DB008C
:1019900001FB02F293FBF2F3C9F8B83706E7D9F876
:1019A000CC07884200F30B81D9F8DC37D9F8D82767
:1019B0009342C0F2BE809B1A09F11C0808EB030198
:1019C00040460DF03BF8D9F8D807D9F8CC2739684C
:1019D00040440DF08FF8D9F8CC27D9F8D837134404
:1019E000C9F8DC373B6813443B60DAF800309B1AD7
:1019F000FBE6D846DDF80CB05946484600F00CFC32
:101A000000287EDBD9F8BC170029C8BF002504DCFC
:101A100041E0D9F8BC37AB423CDD2A46594648463E
:101A200001F03AFC002805F10105F2DAD9F8C827DF
:101A3000D9F8C417D9F8BC3701FB02F203FB02F254
:101A4000002A08DD049B023B03EB4202002123F83D
:101A5000021F9A42FBD16FF00A0009B0BDE8F08F77
:101A6000D9F8C827D9F8C417D9F8BC3701FB02F256
:101A700003FB02F2002A08DD049B023B03EB420257
:101A8000002123F8021F9342FBD16FF0080009B038
:101A9000BDE8F08F1946D9F8C827049B02FB0BF26A
:101AA00002FB01F103EB4101484603F063F9002812
:101AB000C0F29D80059B08330593D9F8C4370BF11C
:101AC000010B5B453FF7A1AE0020F6E6D9F8C83719
:101AD000D9F8C417D9F8BC2701FB03F302FB03F3C1
:101AE000002B08DD049A023A02EB4303002122F89E
:101AF000021F9342FBD16FF00500DEE66FF0040099
:101B0000DBE6D9F8C837D9F8C417D9F8BC2701FBE8
:101B100003F302FB03F3002B08DD049A023A02EB05
:101B20004303002122F8021F9342FBD16FF009000A
:101B3000C3E6024609F11C00396818440CF0DAFFCC
:101B4000D9F8CC27D9F8DC371344C9F8DC373B681F
:101B500013443B60DAF800309B1ACAF80030D9F819
:101B6000C437D9F8C817D9F8BC2701FB03F302FB27
:101B700003F3002B08DD049A023A02EB43031299A7
:101B800022F8021F9A42FAD16FF0010095E6D9F8C7
:101B9000C837D9F8C417D9F8BC2701FB03F302FBF7
:101BA00003F3002B08DD049A023A02EB4303002101
:101BB00022F8021F9A42FBD16FF006007DE6D9F8A9
:101BC000C437D9F8C817D9F8BC2701FB03F302FBC7
:101BD00003F3002B08DD049A023A02EB4303129947
:101BE00022F8021F9A42FAD14FF0FF3065E6D9F889
:101BF000C437D9F8C817D9F8BC2701FB03F302FB97
:101C000003F3002B08DD049A023A02EB43030021A0
:101C100022F8021F9A42FBD16FF00B004DE600BF85
:101C20000023C0E90023C0E902317047034642683F
:101C300001F01F01F0B4C1F11F009C6822FA00F00E
:101C40008A405A60621A002A4FEA50009A6001DB0B
:101C5000F0BC7047DE68032EA1EB04011DDC0024FC
:101C60005C60002E3BD01D68AF1901351D6015F872
:101C700001CC4CEA04042402BD425C60F5D1C6F1FB
:101C80000305ED00AC4002F1200504FA01F1EC403F
:101C9000204302EBC60200261CE01D682F466C1C88
:101CA0001C6017F8024B1F6024065C606F7844EAE2
:101CB0000744EF1C5C601F60AF7844EA07242F1DC7
:101CC0005C601F60ED7820322C4304FA01F1D440AF
:101CD000043E2043C3E90226F0BC596070473146F8
:101CE000D7E700BF10B404688368611AC3EBC1036F
:101CF000981A5DF8044B704730B1036823B15869F6
:101D0000003818BF012070474FF0FF30704700BF08
:101D1000002800F0D1800368002B00F0CD800A7805
:101D2000FF2A40F0C9802DE9F04F4C7804F0E00222
:101D3000E02A40F0BE80E20814F0180F1ABFD24328
:101D400002F0010202221A7091F801C0CCF3410C9A
:101D5000CCF10409C3F804904D78ED4305F001057A
:101D60009D608F783F09DF608C78C4F381041C612B
:101D70008E78C6F340065E6191F802E00EF0010E27
:101D8000C3F818E091F803E04FEA9E1E83F81CE0C8
:101D900091F80380C8F30118C3F8208091F80380FC
:101DA000C8F3C008C3F8248091F80380C8F3800802
:101DB000C3F8288091F80380032C08F00308C3F8C7
:101DC0002C8076D0B9F1040F73D00F2F71D04FF063
:101DD000DE0BDFF800A10BFB02FB4FF04A0818FBFB
:101DE00004B8D044BEF1010FC3F8348009D04FF0DD
:101DF0000008BEF1030FC3F8208002D14FF00108A4
:101E000001E04FF00208C0F8BC8702EB4208002A4C
:101E1000C0F8D09780F8D42708EB04094FEA420AAB
:101E2000274ACCF1030C52F82920C0F8C02708EB50
:101E30000C09244A32F919900CBF02220122C0F881
:101E4000C42799FBF2F2C0F8C82737B3BEF1030FDD
:101E50000CBF52460AF10102C4EB0414C8EB081E81
:101E6000CCEB0C1C7444F4443C44BC44164F37F98E
:101E70001440164F37F91220A21A043AA2EB450279
:101E80003244C0F8CC27124A32F91C20C2EB42146B
:101E900002EB8402D200C0F8B8271DB91D630420EC
:101EA000BDE8F08F8A8852BA92B206201A63BDE864
:101EB000F08F4FF0FF30F3E74FF0FF30704700BF77
:101EC00004480108E0460108BC450108CC46010869
:101ED000F4460108204301082DE9F04F8BB000289B
:101EE00000F02C8103680746002B00F02781D0F812
:101EF00004A0BAF1000F00F021811A7800921B7F34
:101F0000002A00F0A180032B00F00A81002306AD17
:101F1000CDE906130893082111232846099303935A
:101F2000FFF784FE0221CAF800002846FFF77EFE74
:101F3000CAF80400D7F8C4370293002B7CDD009B5D
:101F4000D7F8BC97CDF810A0002B0CBF4FF0040BB6
:101F50004FF0090B4FF000080597B9F1000F62DD53
:101F6000544600260C212846FFF760FE0921A06296
:101F70002846FFF75BFE0821E0622846FFF756FE81
:101F8000594620632846FFF751FE01216063284629
:101F9000FFF74CFEA063002800F085800221284650
:101FA000FFF744FE0121E06301902846FFF73EFE63
:101FB0000521206407462846FFF738FE05216064A6
:101FC0002846FFF733FE0021A064E1642846032180
:101FD000FFF72CFE032120652846FFF727FE03218B
:101FE00060652846FFF722FE019BA065002B7DD18E
:101FF000E06D6363C4E90A33C0F11400009B2066FE
:10200000002B6ED00020606601212846FFF70EFEEF
:102010000121A0662846FFF709FE0136B145E066BA
:1020200004F148049ED1029B08F1010898450AF189
:10203000900A92D1DDE904A7DAF80030C7F8D83762
:1020400003980BB0BDE8F08F032B5BD0009A06918C
:1020500006AD202309212846CDE9072209930393E1
:10206000FFF7E4FD0321CAF800002846FFF7DEFD74
:10207000D7F8BC97CAF80400B9F1000F7FF75AAF40
:102080000AF114040026A4F1100801212846FFF7E4
:10209000CDFD48F8040FA045F7D101364E4504F1B7
:1020A0001004F0D146E7C4E90F0005212846FFF7E8
:1020B000BDFD052160642846FFF7B8FD0521A06439
:1020C0002846FFF7B3FD0421E0642846FFF7AEFD84
:1020D0000321E0652846FFF7A9FD009B2066002B41
:1020E00090D101212846FFF7A1FD8CE7022B03D0F8
:1020F0000723E3650D2081E7002FF9D10823E3656D
:102100000C207BE7009A069106AD11230921284691
:10211000CDE9072209930393FFF788FD0521A2E784
:10212000002306ADCDE906130893082109232846AC
:1021300009930393FFF77AFD0121F4E64FF0FF3393
:1021400003937DE7274A2849284B02F5FE6010B427
:10215000106002F628005060254C02F51760906070
:1021600002F68C20C2E90513C2E9034002F2EF73C4
:10217000002102F6270203F8011F9342FBD11D4BF9
:10218000002103F5A47203F8011F9342FBD11A4BFF
:10219000002103F58E7203F8011F9342FBD1174B08
:1021A0001749002203F8012F8B42FBD1154B002168
:1021B00003F5527203F8011F9342FBD1124B002129
:1021C00003F5D95203F8011F9342FBD10F4B10497D
:1021D000002203F8012F8B42FBD102485DF8044B2B
:1021E000704700BFC47C00209CAC0020988A00206F
:1021F000BCC70020EB84002033860020BBC7002032
:10220000CBD900204F8700209BAC0020978A00206C
:102210009BAC0020704700BF2DE9F04F8FB00891B4
:10222000002800F01681D0F80090B9F1000F00F0FE
:10223000108143680993002B00F00B8183680A9397
:10224000002B00F00681C3680793002B00F001818A
:102250000169002900F0FD80D0F8BC37002501F5A8
:102260004672AB42CDE90C550B9230DD089B099AC2
:10227000DDF82CA003EBC306C3EB43180A9B03EB6A
:102280008808079B03F59057043702EB061644466F
:102290002836B8469B4657468246CDE90147009608
:1022A000A8F1040258464B46069100F0C1F948F8DF
:1022B000040FDAF8BC3706990135AB4206F148063F
:1022C00004F13E0407F118070BF5106BE5DCD9F8B3
:1022D000200000285DD0079B03F58054D4F8083215
:1022E000002B59DDD4F80C32002B55DD430800F0EB
:1022F000B380C2070CD5D1F83033002B40F09E805C
:10230000D1F84433D9F83420013332F9131004E002
:10231000D4E980319942B8BF19460CAD07982A46D6
:1023200002F036FAD9F82000C3071FD599F800301B
:10233000D4F80012002B64D103954510DDE90703A2
:10234000099E03EBC30206EB02120A9ED2F8882014
:10235000C3EB4313CDE9015206EB83030B9A0092C2
:102360003E334A4602F046FAD9F8200088B1D4E953
:1023700080319942B8BF19460C9A0D9BB2FA82F28D
:10238000B3FA83F3013A013BC4E98223C4E9801123
:1023900000200FB0BDE8F08FD4F80052002D15DDFD
:1023A000079B2F4F043B03EB85056FF0404602E08F
:1023B0009D421F600AD053F8042FB2F1404FF7DD61
:1023C000B2F1804FA8BF1E609D42F4D1D4F80452F0
:1023D000002D8BDD079B224F03F6FC0303EB8505E5
:1023E0006FF0404603E01F60AB423FF47FAF53F80D
:1023F000042FB2F1404FF6DDB2F1804FA8BF1E604E
:10240000F2E704954510DDE90706099A06EBC603D5
:1024100002EB0312C6EB4613D2F88820CDE9025234
:102420000B9A00920A9A02EB8303F83201923E3330
:102430004A4602F06BFBD9F8200097E7D1F8402319
:10244000D9F8343003EB4203B3F9301001EB41010A
:1024500063E74FF0FF309CE701200CAD66E700BF5B
:10246000010000C02DE9F04FDFF8C0A14FEAA3083A
:1024700003F003040AEB841986460AEB8404404601
:102480008BB01C28D4F800310193A8BF1C20D9F8C8
:102490000430033020EAE07003410793D9F8083094
:1024A00003410893D9F80C30B8F11F0FC34643FA23
:1024B00000F3A8BF4FF01F0B099300205B46069066
:1024C000C346CC4698460EE00AAC04EB850555F8A9
:1024D000104C002B40EA0400B8BF6442013A41F8B6
:1024E000044B00F08A805EF8043B23F0004424F0A3
:1024F000030423F00045002CE6D023F0004424F030
:102500000F0454B95CF82540BBF1000FBABFC8F105
:102510000005AC4044FA08F4DBE723F0004424F063
:102520003F046CB90AEB8505019FD5F8D04084FBC8
:102530000757A8F10304002C54DB47FA04F4C8E75A
:102540006C04B4F1006FBABF6C054FF004094FF092
:102550000009B4F1005FBCBFA40009F10209284DD5
:10256000284F294EB4F1804FBCBF640009F1010926
:10257000AC42264DC8BF3D460495254F254DD8BFDA
:102580002E46254DC8BF3D460395244D244FC8BF58
:102590002F460297234F244DC8BF3D46059525463B
:1025A00086FB0575049E3544264685FB0676059D0B
:1025B0002E44254686FB0575029F3D4485FB046439
:1025C000039D0AEB89062C44D6F8D05184FB05758F
:1025D000019FED0085FB0747D6F8F041A8EB040406
:1025E000002CAADA65426FF0004444FA05F6BE42B8
:1025F000FFF66FAF07FA05F46BE70BB0BDE8F08F9D
:102600009979825AA4F633D36321851028482EB0D5
:10261000B477F5FEA9BDA029591858FFF0CEC227FE
:102620008D496C238B40E9461BAA5759284801085D
:102630002DE9F04F93B098461C9B07905B690B9176
:10264000022B069200F010810D2303934FF0160920
:102650001C9B914D1B6CCDF81490002201335B0044
:102660000F921C9A0193D8F82030926809925B0867
:1026700008BF02321D9B08BF09925E1E099BDDF850
:10268000709002954FF0000BC3F1D2035C46DA461E
:102690000893049629E0D8F83430049DD9F83C60BA
:1026A00003EB440233F91430B2F90220D21A15F8C0
:1026B000013F0495671C924408461EB1029D95F89F
:1026C00000C06344089E019D03FB0563FFF7CAFE3B
:1026D000029B013302934BEA000B00B90F9C069B4F
:1026E0000F941B68534507DD3C46079B03EB8A01AB
:1026F000059B9C42CFD10F9C1E9B1E9A5C610023C0
:10270000C2E90233136053601361039B0B2B00F388
:10271000A580099B0399D8F834201191C3F1D20305
:10272000049302EB4103CDE90F11B3F92E30099365
:1027300001F10043173302EB43030A931D9ACDF8CE
:1027400008A001EB41031633D31805931C9B2433D7
:102750000D93DDE9092333F9021FDDF834A0DDF81C
:102760002C80DDF814908A1ACDE90913079B029991
:1027700003EB8104039B0893013327460C940393D6
:1027800095000FAE1446049A5AF8043F19F8011F39
:1027900002EBC303019A384602FB0133414622464D
:1027A000FFF760FEA8442F444BEA000B08B1089BDA
:1027B0003360043612ABB342E5D1224602990C9C39
:1027C00002EB42031944002A02914FEA420119DD4B
:1027D00002F1804301F180410B9A013B013902EB88
:1027E000830302EB8101043A154452F8040F206080
:1027F00053F8040F606051F8040FA060954204F193
:102800000C04F2D1069B029A1B6893423EDD059BA5
:1028100003330593039B0D2B9BD1DDF808A0069B8A
:102820001E98C3F800A01C9B1E9C9A69DDE90F311D
:10283000002A14BF022201220260119ABBFA8BF017
:102840008B426360B8BF0B469342B8BF1346013852
:10285000C4E90212236113B0BDE8F08FBBFA8BF01C
:10286000013813B0BDE8F08F1C9BD3F81890B9F174
:10287000000F0DD098F80030002B4FF003030393A6
:102880000CBF4FF008094FF00609E1E69246C6E793
:10289000CDF80C90DCE600BF384A01082DE9F04F76
:1028A00099B00E9107920093002800F042810168D0
:1028B000002900F03E8144680B94002C00F039811F
:1028C0008368002B00F03581C3680F93002B00F064
:1028D0003081009B002BC0F22C81229B229803EBBD
:1028E000C302239B120103EBC30302EBC302239B2E
:1028F0002244DB000893936BC0000C90002B40F047
:1029000070824A6B0C9B229923980B4408991B01F7
:10291000014403EBC1030B990B44D3E917130131B5
:102920000B44013332F9111032F91300229A0C9B37
:10293000239C0B9D1344089A1B01224403EBC20401
:102940002C4403EBC203E46A6400B4F5107FA8BF13
:102950004FF41074A04203F14003A8BF2046EB18C7
:10296000169006930F98239B139400EB830303F5B3
:102970008053A142A8BF21461193C3F8004200230F
:10298000159105931102079B179400EB02220D92FB
:1029900014AA03921B680E9A12910292039A059D43
:1029A00052F8041F06980591491B0392002950F81C
:1029B000042F069040F3428100980028C0F2B980AD
:1029C0009B4C04EBC2005B4207799A4850F8220006
:1029D00054F83220029C049213F007021EBF14F830
:1029E000013BC2F12006B3400D9E08BF134606EB23
:1029F0008505002F00F0EA818F4E06EB400E009E09
:102A0000012FA6EB020B00F03582B81E012800F260
:102A100090800498BBF10F0F00F10106C0F1200077
:102A200009964FF000090A90BA46764642DD67786B
:102A300014F802CB0194C2F118000CFA00F0C2F1B4
:102A4000100C07FA0CF73843ABF1100B03431032AC
:102A50000A2A2BDD378807F00F07C7F1200023FA79
:102A600000F0013036F810005FEA103C66D0C0F389
:102A70000317C0F303260F2FA2EB0C0203FA0CF38B
:102A800030463CD0002F3DD10F2E45D0002847D1F5
:102A90004A454EDB02392E46002946F8087B68601D
:102AA00040F382820A2A35467646D3DCBBF10F0F0B
:102AB000019CBCDC0BEB020000283ADDBBF1000FEF
:102AC00006DD14F8017BC2F1180C07FA0CF73B4342
:102AD000BBF1080F05DDC2F1100714F8012BBA4055
:102AE0001343421E4FF0004747FA02F213404FF0E3
:102AF0000B0900F10B024FF0000B0194A8E7BAF1AB
:102B0000030F20D003F0004C0F2E02F1FF3247EAF2
:102B10000C074FEA4303B9D1BAF1030F50D0304646
:102B2000013A03F000464A4540EA06004FEA4303F3
:102B3000B0DA4FF0FF3019B0BDE8F08F06EB400679
:102B4000D21BBB4084E7099F02EB0B0C002E18BF81
:102B500001376745EDDCBA4280F20382BF1A013FBC
:102B6000FC0804F101081094019CC2F1180CA04467
:102B700014F8017B07FA0CF7444543EA0703ACF16C
:102B8000080CF5D1109FABF1080402F1080CB4EB6E
:102B9000C70B0CEBC70209D504EB0C02541E4FF017
:102BA000004747FA04F423404FF0000B0A9F049CAF
:102BB000CDF8048023FA07F7121B0F37A34061E713
:102BC000099C0BEB02008442B3DC944240F3CC81BD
:102BD0000498019CA0EB02084FEAD80808F1010C08
:102BE000A444C2F1180614F8010BB040644543EA4E
:102BF0000003A6F10806F6D1ABF1080002F10804C3
:102C0000B0EBC80B04EBC80208D50219501E4FF0F8
:102C1000004444FA00F003404FF0000B0A98049C73
:102C2000CDF804C023FA00F0121B0F30A3402DE7AB
:102C3000B04A0108B04B0108304C01080023009A4B
:102C400093423FF776AFD21A009207990A6813446D
:102C5000029A02EBE302029203F00703039A0B606D
:102C600017A991427FF49AAE009A002A40F3778127
:102C700022990C9A23980A4408991201014402EB04
:102C8000C1020B9911445B42CA6EC34951F82290AC
:102C9000C24913F0070351F82200029A40F0BB80AA
:102CA00001921946139A009CC2F50F7E0EF1010E97
:102CB000BEF1000FA4EB030B40F351810D9CDFF834
:102CC000E4A24FF0000C04EB8202C0F1200864463D
:102CD000BBF10F0F40F3A7800198457810F8026B05
:102CE0000190C3F1180006FA00F0C3F11006B540D8
:102CF0002843ABF1100B0143103302F1100003E045
:102D0000092B00F11000E3DD21FA08F24A441AF819
:102D10000220150912F00807A3EB121301FA05F1BE
:102D200005D001F00047013B47F00107490012F0D0
:102D3000040605D001F00046013B46F001064900BB
:102D400012F0020505D001F00045013B45F00105F8
:102D5000490012F0010205D001F00042013B42F0AF
:102D600001024900634507DB0434A64540E90252ED
:102D700040E904760246C3DC119AD2F800321C44C2
:102D8000B4F5107FC2F8004210DA239A089B0F991D
:102D9000134404EB8314129B03F510620A4401EB05
:102DA0008403002143F8041B9342FBD1079A009B44
:102DB000106802990344184603F0070313600E9B42
:102DC00001EBE000C01A19B0BDE8F08F2B1D002206
:102DD00045F8272043F827200237B942F7DC13468D
:102DE00033E7D36B022B7FF48CAD136C002B40F0D8
:102DF000BE80D26D496B0132A3F1AA3383FB02037B
:102E0000A3EBE27301EB43014FF41070B1F92E1004
:102E100001EB41018AE51446C3F1200214F8011BBD
:102E2000019491403EE703EB0B000028A4DDBBF1C9
:102E3000000F07DD019D15F8016B0195C3F118071F
:102E4000BE403143BBF1080F07DD019DC3F1100601
:102E500015F8013B0195B3401943431E4FF000455F
:102E600045FA03F319404FF00A0C00F10A034FF042
:102E7000000B42E74A4E36F810C00CF00F0CCCF1B4
:102E8000200C4FF000082846BBF10F0F43DD667899
:102E900014F8025BC2F11807BD40C2F11007BE4032
:102EA0003543ABF1100B2B43103200F1080601E063
:102EB0000A2AE9DD23FA0CF001303EF81000050B78
:102EC000AB4010F0F00FC0F3031503F00047A2EB86
:102ED00010321BBF2F435B002F4602F1FF3210F46C
:102EE000706FC0F3032503F0004002D005435B0080
:102EF000013A4245A1F102013046FFF61AAE00291F
:102F000046E9027506F10806D2DCA2EB0803009A36
:102F10005B44D31A4DE00BEB0205002D7FF709AEA1
:102F2000BBF1000F05DD14F8016BC2F11807BE40BC
:102F30003343BBF1080F05DDC2F1100614F8012B75
:102F4000B24013436A1E4FF0004646FA02F21340A5
:102F50004FF00B0805F10B024FF0000BA5E7002422
:102F60000AE7DDF8048021E6DDF804C056E60B78B8
:102F70004A6B13BB22990C9B23980B4408991B01A5
:102F8000014403EBC1030B990B444FF41070DB6D4C
:102F9000013332F91310C9E4584A0108504A0108B4
:102FA000304C0108604A0108A2EB0903009A5B4417
:102FB000D31A002BBFF643AEBBE5B2F93410B2F919
:102FC00036305B1AB2F90C104FF4107001EB43016C
:102FD000ACE400BF844693BB12F001002ED0DCF8B5
:102FE0008001DCF88012DCF88023404249425242E2
:102FF000CCF88001CCF88012CCF88023DCF8801467
:10300000DCF880251846DCF88036494252425B42A3
:10301000CCF88014CCF88025DCF88010DCF8802710
:10302000CCF88036DCF88038524249425B42CCF81A
:103030008010CCF88027CCF880387047704712F0A9
:1030400001002DE9F0434CD04FF0004828FA03F876
:1030500008F1FF38C3F11F070CF180060CF5106969
:10306000002056F8804C44FA07F2B2EBE47F4FEAB6
:10307000E47518BF88EA050404FA03F546F8805C95
:10308000DCF8804085EAE572C4F1000EA2EBE5753C
:103090004EFA07F2B2EBEE7F4FEAEE7418BF88EA01
:1030A000040E0EFA03F4CCF8804084EAE472A2EB3A
:1030B000E4740A682C4342FA07F5B5EBE27F4FEA65
:1030C000E27E18BF88EA0E020CF5807C9A40CC455F
:1030D00041F8042B06F5807640EA0400C1D1BDE832
:1030E000F0834FF00047DF40013FC3F11F060CF1B2
:1030F00080020CF5106E52F8804C44FA06F5B5EBE0
:10310000E47F4FEAE47818BF87EA080404FA03F57D
:1031100042F8805CDCF8804085EAE578A8EBE57849
:1031200044FA06F5B5EBE47F4FEAE47918BF87EA85
:1031300009049C40CCF8804084EAE475A5EBE47572
:103140000C6845EA080544FA06F8B8EBE47F4FEA54
:10315000E47918BF87EA09040CF5807C9C40F445AB
:1031600041F8044B02F5807240EA0500C3D1BDE886
:10317000F08300BF022A2DE9F043464B1ED002EB3C
:10318000C20203EB021C0CF1480601F1440E0CF1E3
:103190008C0C00F1240750F8043B5CF8044956F805
:1031A000045B1A4685FB028241F8042B84FB03234F
:1031B00087424EF80439EED1BDE8F0838268D3F837
:1031C00038C18CFB02428469D3F8205185FB04642A
:1031D00022440A60D3F83C71426887FB0242C4690A
:1031E000D3F8245185FB046422444A600268D3F872
:1031F000406186FB0242056AD3F8284184FB05E55D
:103200002A448A600268D3F84451964685FB0E2E04
:10321000026AD3F82C4184FB02827244CA6042687D
:10322000D3F848E191468EFB0949C469D3F83021AF
:1032300082FB048409EB04020A618268D3F84C81A2
:1032400088FB0242D3F83441836984FB03931A4418
:103250004A6143698CFB03238B61036987FB03236A
:10326000CB61C36886FB03230B62C36885FB032322
:103270004B6203698EFB03238B62426988FB023237
:103280000023C1E91033C1E90E33C1E90C33CA622E
:10329000BDE8F083547401082DE9F04FC7B01B92CC
:1032A000002800F08F860368002B00F08B864468AE
:1032B0001D94002C00F08686C6680D96002E00F046
:1032C000818640690E90002800F07C8617461A78A7
:1032D0001E91002A8C465A6BC34801EBC1030CBFF8
:1032E000082106211B0132F9111007EBC70203EB7D
:1032F000C2032344CC1780FB0151C4EBA10109B2E6
:103300001891D96B6446FD00E40002291C951F94B6
:1033100000F0368607F5906340F2262156F82330F8
:103320008B4240F3038313020F9306EB02231793A0
:1033300040F23623109320230993F8221F231A44C6
:10334000179B03EBC2020292A84A116801915168CF
:10335000039191680491D1680591116906915169B1
:10336000079191690891D1690A91D2E90E01D2E9D8
:1033700008C7D2E90A65D2E90C4BCDE90B01D3E9C4
:1033800011820199C64681FB0E9E0398914680FBEF
:1033900009A9AEEB090E4FEA4E0E0199C3F844E0BD
:1033A00081FB02E280FB08E84244D3F840800499A4
:1033B00052009A64C646DA6C81FB0E9E05989146CF
:1033C00080FB09A9AEEB090E4FEA4E0EC3F840E0B0
:1033D00081FB02E280FB08E84244D3F83C80069976
:1033E0005200DA64C6461A6D81FB0E9E079891461C
:1033F00080FB09A9AEEB090E4FEA4E0EC3F83CE084
:1034000081FB02E280FB08E84244D3F83880089947
:1034100052001A65C6465A6D81FB0E9E0A98914667
:1034200080FB09A9AEEB090E4FEA4E0EC3F838E057
:1034300081FB02E280FB08E84244D3F8348052006A
:103440005A65C6469A6D8CFB0E9E914687FB09A96C
:10345000AEEB090E4FEA4E0EC3F834E08CFB02E2ED
:1034600087FB08E84244D3F8308052009A65C6468C
:10347000DA6D86FB0E9E914685FB09A9AEEB090E1F
:103480004FEA4E0EC3F830E086FB02E285FB08E807
:103490004244D3F82C805200DA65C6461A6E84FB8B
:1034A0000E9E91468BFB09A9AEEB090E4FEA4E0E1C
:1034B000C3F82CE084FB02E28BFB08E84244D3F81B
:1034C00028800B9852001A66C6465A6E80FB0E9EE4
:1034D0000C99914681FB09A9AEEB090E4FEA4E0EFD
:1034E000C3F828E080FB02E281FB08E84244520076
:1034F0005A66029A48339A427FF441AFDDE91E23AF
:103500001344DDE91B121B010A4403EBC2031D9A9D
:1035100013441B6C1B9C0D9A109802EB840101F55F
:103520008051DDE90E56D1F80022D1F808720E97CD
:103530009042B8BF1046002BC1F80002189908BF8E
:103540000021024618912849113281FB0201D2174D
:10355000C2EBA1020D9205EB840202F580501C9A89
:103560002090111905EBC11202F59054D0F8002BF0
:103570001592D0F8082B0C92D0F8102B09981994BA
:103580002E44002816960A9240F31885DDE91E5253
:103590002A44120102EBC1021D9903968A18062FD4
:1035A0004FF000011292C7F107021A92C8BF0A46F3
:1035B00007EE902A04F124020292179A0891A2F1D0
:1035C0000C0406EB800214920191129A0299D26BBC
:1035D0000592243904915BB1189B01998B42C8BFB5
:1035E0000022059204E000BF398EE338C47201085E
:1035F0000A9B019A934200F32F820C9B059A139326
:1036000043EA02050E9B062B04F1480311934FF089
:103610000000194600F31182029EDDF868C02BAF4E
:1036200003468A6842FA0CF2D31A4A6842FA0CF24C
:10363000181AD31A56F8042D3862083942FA0CF2D7
:103640008C4247F8043D3260EBD125982B9A2299A1
:10365000249BDDF898A0239E52108046289806925D
:10366000DDE929274C10C0EB610E27990B94891ACC
:10367000A3EB0A090791A9EB0709CC4903EB0A0060
:1036800081FB08482799A6EB010CACEB020CC7495B
:1036900081FB0C4CC649044681FB04B40F943B44A7
:1036A000C44C84FB03B3A7EB0A0781FB07A7109761
:1036B00084FB00A004F1705404F54C24DDF81CA038
:1036C00004F2CB2484FB0ABABB4932440F4681FB87
:1036D00002B227990E4484FB06B6079987FB01B115
:1036E0000B9C289F04EB670B0F9C109F5B00400016
:1036F0004900C1EB460103EB44030BEB4806C0EB6A
:103700004700ABEB480B520002EB4A021F180EEBCE
:10371000690AAEEB090406EB03095B449B1AA1EBB3
:10372000020E07932A930BEB0003ABEB070BF71B7F
:103730000B447744064424932F982797ABEB0E0352
:103740002D9F259391440AEB4C03AAEB4C02239343
:1037500029923B1A319A0698CDF88890A0EB02097D
:103760002F9A2D98339F2694761A2E9C28961044D3
:10377000329E309ADF1B0B97911B2C9F8B4AA046E1
:1037800082FB0838309EA7EB060E329EAEEB060E8B
:1037900082FB0E3E864E834686FB0B3B2D9A339B67
:1037A000844CD31884FB0323339A0F932F9BA2EBF3
:1037B000030C86FB0C2C84FB002004F1705404F5F0
:1037C0004C248A4604F2CB2484FB0A2A329A7A4B90
:1037D000BA1883FB0262309E374484FB076783FB81
:1037E0000161069B319E0F9C03EB6606400063005F
:1037F0000B9CC0EB4C0003EB4B0306EB480C520058
:10380000A6EB4806490002EB4A02C1EB470103EB75
:103810000008A9EB04070CEB030B33442F979F1A06
:10382000331809EB640A0B44A1EB0209A6EB080666
:10383000ACEB08082D93844408EB09039344ACEBEC
:103840000101A6EB09063093AAEB4E020AEB4E03E8
:10385000CDF8ACB0339731912E962C933292002D47
:1038600040F08880039A5549554BDDF810C0DDF8CB
:103870001CA001F160080DF1A80E10462E46A2F51D
:10388000906905E0DEF8207058F8043D5EF804AD5C
:1038900083FB074707EBAA03DCF800404CF8043B26
:1038A00051F8083CA7EBAA07C4F1000AAAEB070AE3
:1038B0009B468AFB0B3B51F8043C07EB8B078AFBCA
:1038C00003B3C4EB830383EAE37A87EAE77442F83D
:1038D0002670A4EBE774C0F88038AAEBE37A80384E
:1038E00044EA0A04814545EA040501F1080106F1AC
:1038F0002006C7D1029B039E049924330293019BA7
:103900001A4601330193304617EE903A0436039677
:10391000FFF760FB089B119C284303430893149B0B
:10392000B34200F09D80129B1B6C4EE6073380FB78
:103930000320DB17C3EBA00303EBC30252000832E2
:1039400010925A1C0992DA00DDE91B0101440802B9
:103950000F900D98002B00EB012017903FF7EFAC74
:10396000DDE91E2313441B011D9A03EBC10313441D
:103970001B6CCFE5049C139ADFF84C900DF1D00836
:1039800020464146FFF7F6FB059B0E4ADDF80CA0EA
:103990000B4903EBC303002502EB031CA6462AAE2A
:1039A000079C504644222B4615E000BFA1EBD96E80
:1039B0008BBE0D627E1A3A16322E0E7E5C6D0108A9
:1039C0005CEB270B54740108BC6D0108376A59F889
:1039D000041D56F8044D81FB07B707EBA4014EF810
:1039E000041B5CF82310C7EBA4078B4687FB0B1B5B
:1039F00058F823405CF80210A3444FEA8B0B87FB76
:103A0000014158F802402144DC0189004AF804B021
:103A10008BEAEB7781EAE174A7EBEB77043AA4EB4E
:103A2000E1742743202AC0F8801845EA070503F10E
:103A30000103A0F18000C9D15CE72BAE02468B6880
:103A40009A1A4B680839101A8C42A3EB02023062B2
:103A500046F8042DF3D1F8E50023059D1393D1E535
:103A6000099B179A03EBC30302EBC3021792199A3F
:103A700002EB830319930D99099A914240F39B82BB
:103A8000169C0E98179E219204EB820303F5C073D7
:103A9000029304F5C07303EB810306281999179369
:103AA000C0F107031A93C8BF002306EE103A04368C
:103AB000243134AB0B910F93B246029BA3F5C07B2C
:103AC0000B9BDDE90942A3F124010C9BA242C8BF74
:103AD000002307EE103A0E9B062B07EE901A06EE17
:103AE00090BAAAF1040013DC1A9C002250F822308C
:103AF000234140F822305AF8223023414AF822303C
:103B000051F8043B02322341122A41F8043CEDD122
:103B1000DAF83820DAF82C50DAF82030DAF8140025
:103B2000DAF80840BA4EAD1A591BA0EB010CA4EB11
:103B30000C035AF8044C891AE01A5B1A40105B1007
:103B4000374686FB0C4C00EB650606EB4C04401B2D
:103B50000194A6EB4C0687FB014103EB620404EBE6
:103B60004105AC4F490087FB05C5AB4F9B1AAD0023
:103B700087FB0323641A9A00A84981FB0434DAF80E
:103B80003C90DAF83030DAF81810019FA3EB090CFA
:103B9000DAF82430A3EB0C03A1EB0308A3EB090E26
:103BA0002F44DAF80C30DAF800102297019FA3EBCB
:103BB00008037F1BC91A8518A3EB0E03801A06EBB6
:103BC0008402A6EB8406269049105B102797239564
:103BD000CDE924268E4880FB082801EB6C0505EB17
:103BE0004806A1EB0C01A5EB480580FB0E2E03EB6C
:103BF000690404EB4E0787484FEA4E0E80FB072707
:103C00008548A3EB0903BF0080FB03238348A4EB93
:103C10000E049A0080FB0434DAF840C0DAF834303D
:103C2000DAF81C00A3EB0C0EDAF82830A3EB0E0335
:103C3000A0EB0309A3EB0C08DAF81030DAF8040063
:103C4000A3EB0903C01AA3EB08035B100193F3195C
:103C5000109328938B18F61B891A1193299305EB5F
:103C60008403A5EB84052C9140102D961293CDE989
:103C70002A35674981FB092900EB6E0505EB4904EC
:103C8000A0EB0E00A5EB490581FB0828019B614FC5
:103C900003EB6C0202EB48014FEA480887FB016125
:103CA0005D4FA3EB0C03890087FB03635B4FA2EB23
:103CB00008069B0087FB0626C718C01A05EB86037B
:103CC000A5EB86050F9E3290CDE9303517EE102A10
:103CD000631A651817EE900A31462F973393504FA9
:103CE000FFF748FA0DF1940C0023CDF84CA00DF12C
:103CF000880E0193E246149556F8041BDEF80C304A
:103D000018468B00CBF80030B36841F3407282EA6A
:103D10008101039143F340749900CBF8801184EA48
:103D20008303049357F8043F83FB0010736900EB8F
:103D30008300C517DAF80830CBF80003059580EA50
:103D4000E07519460695FB6883FB0101336A01EBB8
:103D50008301CBF88014CD175AF8043DB86981EA85
:103D6000E17180FB0383DEF824008046386880FB25
:103D70000898DEF800008446F06A434403EB8003B1
:103D8000CBF800364FEAE37983EAE373786A079366
:103D90000EF1040E80FB0C8CDAF82400FB688046E0
:103DA00083FB08080398079B821A0498001B0243B0
:103DB000DDE90504201A491B02430A43A3EB09036A
:103DC0001A43B36BC4440CEB830383EAE371CBF86F
:103DD0008037A1EBE3731A43019B13430193029BCA
:103DE0000BF1800B5B4587D1109B0B9A9B1042F81F
:103DF000243C119B9B1042F8203C129B9B1042F8E4
:103E00001C3CDDE913A5A2F118032EA90CE000BFAC
:103E1000A1EBD96E1D75A37B9A79825A83FB202171
:103E20007075010851F8045FAD1043F8045B9342CC
:103E3000F8D124330B93099B029C1A4601330434B6
:103E4000099317EE901A16EE103A16EE900A0294A5
:103E5000FFF7C0F8019B03431846089B03430893F0
:103E6000179BA3420AF1480A7FF427AE219A0D9BC3
:103E70009B1A199A03EBC30302EB83031993159B57
:103E80000D9EB34240F3948034ABDDF82080DDF822
:103E900064900F9346AD00240F9F0A9B0C9A3946FD
:103EA000B342C8BF00224846FFF764F9169B394663
:103EB00046F3000A06F0010E03EB8607A9F1040C95
:103EC00000200A6892003A604B688AEA83037344D0
:103ED00082EAE27BABEBE27B1A43104383EAE372B4
:103EE000C7F880300831A2EBE3734BEA030B8D4235
:103EF0004CF8044F07F5807748EA0B08E1D10D9B99
:103F0000002818BF33460D93159B0136B34209F1C3
:103F10002409C1D1CDF82080159B1F2B10DCDDE9D1
:103F20001503002103EB8002002342F82310203305
:103F3000B3F5107FF9D10130202802F10402F3D14A
:103F4000DDE91E231344DDE91B121B010A4403EBC8
:103F5000C2031D9A20980D99C0F8001B1A441346FD
:103F6000089AD96BB2FA82F2189BC0F8081B013A82
:103F7000C0F8103BC0F8182B002047B0BDE8F08F08
:103F80001B6C09934BB1189909914B1E03EBC302AB
:103F9000520008321092DA00D6E413020F930D9B00
:103FA00003EB0223082217931092099BFFF7B2BA82
:103FB0000D9B1593B0E7099B0D9360E70023CDE9B6
:103FC000083358E54FF0FF30D7E700BF2DE9F04F39
:103FD0002DED028B95B0DDF880A0219C0292079018
:103FE000002800F0B483056808EE101A0146002D81
:103FF00000F0AD8340680190002800F0A883896834
:104000000091002900F0A38312681344D91D48BF12
:1040100003F10E01C91018EE102A08A8FDF700FEE2
:10402000029B1968002940F02E812B78002B40F06C
:104030009A800AEBCA0304EBC4021B0103EBC20320
:10404000019A1344C04A586BD96B12F8109002EBD6
:104050004005E200069202294FEACA026D780392F7
:1040600000F0CF82BAF1000F00F011832301019A12
:104070000833D718D358002B00F06C81C4EB4412DE
:1040800000985200531E05328118CAEB4A1203EB06
:10409000820202440344600105904FEA4A100490F2
:1040A00013F8010F02F8010F8B42F9D17B68002B46
:1040B00000F07081049B059A0099A3EB0A03121B80
:1040C0009B0003EB420301EB42020B44917999718F
:1040D000D179D971117A1972517A5972927A9A7288
:1040E000BB68002B00F07381049B059A0099A3EB39
:1040F0000A03121B9B0003EB420301EB42020B4439
:10410000D17AD972117B1973517B5973917B997351
:10411000D27BDA73FB68002B00F07681049B059A52
:104120000099A3EB0A03121B9B0003EB420301EB74
:1041300042020B44117C1974517C5974917C99741E
:10414000D17CD974127D1A75049B059AA3EB0A03DE
:10415000121B9B0003EB4203009A1A4413460022F1
:104160005A759A75A2E00AEBCA0304EBC4021B015C
:1041700003EBC203019A2D6A1344E200069215F084
:1041800001054FEACA025B6B039202D0012C00F0DA
:104190000D82B3F5C87F80F2AC806C481A1180FBA9
:1041A0000210D917C1EB600909EB8900121A4FF010
:1041B00000080D92C3F3810203F003030E920F93E4
:1041C00041464646039B03EB0A00E30023440001FB
:1041D00000EBC300019B184406EB4606C26B022AA3
:1041E00000F04381584B03EB860393F8226093F869
:1041F00021B0129693F823601396CDF844B093F84B
:104200002060002D00F09E80012C00F0B381039B04
:104210000698534420441B0103EBC0030198034458
:10422000022A596600F03B816201CAEB4A180592E6
:104230004FEA4A12C4EB44134FEA88080492009AEA
:10424000219408EB4308424400231F46CB46144602
:10425000002E0EDD009A1E44434402EB030935197B
:10426000594608A8FDF7E2FC09F8010BA945F7D16A
:1042700033460137042F0AD00CAA52F827B010AAEF
:1042800052F82760E4E708A8FDF7D0FCCDE6049BD0
:10429000219C059AA3EB0A03121B9B0003EB42032C
:1042A000009A1A44134600229A755A75039B069A7F
:1042B000534422441B0103EBC203019A1A4404EB4A
:1042C0004A04936A079A04F5FC7418EE101A42F82F
:1042D0002430029C08A82268FDF704FD23681844D6
:1042E00000F007032360C01015B0BDEC028BBDE8E1
:1042F000F08FB3F5FA7FC0F2A180039A1449A3F5B9
:10430000FA73A1FB03015244E0002044120102EBC6
:10431000C002019802444FEA5109D2F8408021F0CE
:10432000010202EB51029B1A0022CDE90E220D93ED
:10433000B8F1000F00F0EE81CDE90D939046012118
:1043400002263FE741666FE7C06D01086766666653
:10435000ABAAAAAAC4EB44135B00CAEB4A1203F14E
:10436000FF385E1D009B08EB820806EB820698442E
:104370001E44630105934FEA4A130493494608A873
:10438000FDF754FC08F8010FB045F7D17B68002B0E
:104390007FF490AE059B049A1B1B5B00A2EB0A0204
:1043A00003F1050803F10A06009B08EB820806EBFF
:1043B000820698441E44494608A8FDF737FC08F8D1
:1043C000010FB045F7D1BB68002B7FF48DAE059B84
:1043D000049A1B1B5B00A2EB0A0203F10A0803F11B
:1043E0000F06009B08EB820806EB820698441E44E9
:1043F000294608A8FDF71AFC08F8010FB045F7D1C7
:10440000FB68002B7FF48AAE059B049A1B1B5B00A4
:10441000A2EB0A0203F10F0703F11406009B07EB5E
:10442000820706EB82061F441E44294608A8FDF7B2
:10443000FDFB07F8010FB742F7D185E6A3F5C87376
:10444000C4499A10A1FB020103F003030E9321F06B
:10445000030303EB9103D31A0D9300234FEA910951
:104460000F93984619460126ACE6036C002B18BF43
:104470000227B94B08BF01273E4403EB860393F89C
:10448000226093F821B0129693F823601396CDF82A
:1044900044B093F82060002D7FF4B6AE4166039BD4
:1044A000069A534422441B0103EBC203019A1344AE
:1044B0001F6C002F00F00A81C4EB44125200CAEBBB
:1044C0004A13501E551D00EB830005EB8305009B2E
:1044D0001E181D44630105934FEA4A13049349468D
:1044E00008A8FDF7A3FB06F8010FAE42F7D1DDF8EF
:1044F00034905E4601274FF0030B049B059A2194EC
:10450000A3EB0A03121B9B0003EB4208009B03EB87
:10451000080214465B46C346C846002E20DD1E44F2
:10452000009A03EB43035B4406EB460502EB0309E9
:104530002544414608A8FDF779FB414689F8170054
:1045400008A8FDF773FB414689F8180008A8FDF795
:104550006DFB09F1030989F81600A945E9D1334635
:104560000137042F3CD00CAA52F8278010AA52F829
:104570002760D2E7009800F1F80300F5847E4846F2
:1045800043F8040F354673450DF1300C10AF1D6133
:1045900008D05CF8040F43F8040F57F8045F1D615E
:1045A0007345F6D1009BC3F8F88030E6B3F5B47FCD
:1045B00003F001084FEA6300C0F2AF80F32800F374
:1045C000D180A0F1B40300220F921146C3F38102FF
:1045D0000D9203F003020E924FEA23190426F1E52F
:1045E000219C049B059AA3EB0A03121B9B0003EB7F
:1045F0004203009A1A441346002283F83B209A870C
:1046000054E61B6C002B68D1620105924FEA4A12F6
:10461000049203EB4308049B059AA3EB0A039B0057
:10462000121B03EB42073E46009BB84412369844E7
:104630001E44494608A8FDF7F9FA494688F81700CC
:1046400008A8FDF7F3FA494688F8180008A8FDF70E
:10465000EDFA08F1030888F81600B045E9D1009B8F
:104660001F44294608A8FDF7E1FA294687F82900E2
:1046700008A8FDF7DBFA294687F82A0008A8FDF705
:10468000D5FA033787F82800B742EAD1A9E7C4EB87
:104690004416009B760006F1FF3806F10A0798449D
:1046A0001F44494608A8FDF7C1FA08F8010FB845AC
:1046B000F7D1009B143633441E46294608A8FDF75F
:1046C000B5FA08F8010FB045F7D1EFE5630105939E
:1046D0004FEA4A13BB4604930FE7C4EB44135B0055
:1046E000CAEB4A125F1EDE1D009B07EB820706EB3A
:1046F00082061F441E44630105934FEA4A13049344
:10470000494608A8FDF792FA07F8010FB742F7D11A
:1047100003237EE70121022654E51049DB1781FBC4
:104720000021C3EBE1090E4A09EBC903A0EB8303A7
:1047300082FB0302A2EBE3720D9202EB4202A3EBB7
:1047400042030E9300230F93194603263AE54FF0D8
:10475000FF30C9E5CDCCCCCCC06D0108398EE33833
:10476000ABAAAA2A094AA0F1F403A2FB032121F073
:10477000010202EB51029B1A0D9300234FEA5109EB
:10478000CDE90E33194605261CE500BFABAAAAAA3F
:1047900000292DE9F04129DD0026A0F1040C00F6E6
:1047A000FC04374635465CF8040F54F804EFA0EBE0
:1047B0000E037044CCF800002360DCF80080013563
:1047C00083EAE37088EAE87EAEEBE87EA0EBE37371
:1047D000A94247EA0E0746EA0306E4D1D2E90013EC
:1047E00039433343C2E90013BDE8F0810026374660
:1047F000F4E700BF2DE9F04F99B0229C0E90D4F859
:1048000018B0BBF1000F40F08180E56A566B239829
:1048100067696A1CC0EBC00036F91240B94A02EB66
:10482000800223980192BD42A1EB040122464FEA87
:10483000C00080F26581002940F36281DF192B44BA
:1048400005F10045013506EB4508AF4D02972818E4
:10485000039013F8010F0728DA463ED0019D38F97E
:1048600002EF55F82060AD69AEEB0407002FA5EB11
:1048700006053EDD0E9802F18044013CCF1B00EBA3
:10488000840402EB010C01E0002939D054F8042F14
:10489000104685FB0090800080EAE079A9EBE07982
:1048A000C4F800094AEA090A86FB0202920082EA79
:1048B000E2700139A0EBE270B94222604BEA000BD2
:1048C000ACEB0102E0D102998B4219D0C7B113F8C9
:1048D000010F072874463946C0D18B48239D38F90B
:1048E00002EF50F835600398AEEB0407002F4568DF
:1048F000C0DC0298834203D00F46E8E7DDF804A04D
:10490000259BC3E900BA19B0BDE8F08F0BF1FF3069
:10491000012808D94FF0000A259BD346C3E900BA05
:1049200019B0BDE8F08FD4F828E0576B75482469BA
:1049300007EB4E02A645B2F9305005EB4502A1EB5C
:1049400002062399C1EBC10100EB8101239810916C
:104950000EF1010C04F101014FEAC000DADA022E77
:10496000D8DD0EF10044183407EB44040CEB4C0C7A
:104970000C940CF116041C1901EB410113330B4488
:104980001193614B0B9403444FF0000A0F93D346ED
:104990000B9C109FDDF88CC015A812A9964614F840
:1049A000013F072B00F09B8057F82330BA690B605A
:1049B000D31A40F8043B18AB984201F10401EED140
:1049C0000C9B33F9021F4D1B002DCDE90C317246B3
:1049D00040F38C8005EB4505731B0393159B0493F3
:1049E000129B0593169B0693139B0793179B0893A3
:1049F000149B09930E9BCDF804A003EB8E0593192D
:104A00000A9302E0022E7FF779AF2B6804981A46CA
:104A100080FB02129200C5F800294FEAE27805985F
:104A200082EAE27280FB03139B0069682B604FEA05
:104A3000E37C83EAE373069F0293084687FB00400A
:104A40008000C5F804094FEAE079079F80EAE0702A
:104A500087FB0141AC68089B890069604FEAE17EF1
:104A6000274681EAE17183FB07A7BF00A0EB09009D
:104A7000A2EB0802024387EAE770019BC5F80879B8
:104A8000A0EBE770024313430193099B83FB0424CB
:104A9000029BA400A1EB0E01A3EB0C0384EAE472D9
:104AA000A2EBE4720B4313434BEA030B0A9BAC608B
:104AB000033E9A1B039B9E4205F10C05A2D10B9B62
:104AC0001199DDF804A08B423FF41AAF03330B9326
:104AD000039B022B7FF714AF0D9D039E58E70A4BF3
:104AE00053F83C200F9B0A605B6862E70B9B1199AF
:104AF0008B423FF405AF0B9B039603330B93EBE71D
:104B0000DA46FDE61C7401080C7301082DE9F04F2C
:104B1000A1B0DDE92A852C68AC462C9D05EB440448
:104B2000924D05EB841403940CF1100900244FF00E
:104B3000010E5CF8045FDCF810700EFA05F5002F2A
:104B400005F1FF350ADD274409AE06EB840406EBC8
:104B5000870644F8045BB442FBD13C46CC45E8D11F
:104B6000D8F81840002C7DD1566BD8F82C20D8F8F6
:104B700014500295571C03EB020936F91750A1EBAC
:104B8000050B0121C3F10103CDE91E1109A901EBB8
:104B9000820104932C9A764B019103EBC203CDE979
:104BA000050306EB470A2146049B029A4B449A42AE
:104BB00047DB019819F8012F50F8043F0190934208
:104BC00045D0531C12F0010F4FEA6303039A45D0FE
:104BD00052F8236013461F68BAF902E053460AF1FF
:104BE000020AB3F90030AEEB030EDE45A8BFDE4685
:104BF000BEF1000F22DD059B0EEB050803EB8500DF
:104C000003EB880C50F8043B87FB03239B0083EAEB
:104C1000E375C0F8FC38A5EBE37350F8042C194396
:104C200086FB0232930083EAE37240F8043C60455D
:104C3000A2EBE37344EA0304E4D14546BBEB0E0B5D
:104C4000B2D12E9BC3E9004121B0BDE8F08F484BA3
:104C50002C9A53F83260069B5F68BDE7166802EB3A
:104C60008303B8E7526B173301930123CDE9068222
:104C700015932C9A3E4B002103EBC2030C46049182
:104C8000059300F51068069A079ED36952F8045FF1
:104C9000069206EB430203F1010CB2F93070029563
:104CA00003229646049A654517FB0E2250DB03F15A
:104CB0000043183306EB430E0DF124090CEB4C03B3
:104CC000019DED5C59F82C30AB4235D06B1CED07E3
:104CD0004FEA630337D5039E56F8235033461E68C8
:104CE0003EF902AFAAEB0707002F0CF1010C1EDD05
:104CF00007EB4707174450F8223086FB03B39B00AD
:104D000048F8223083EAE37BABEBE373194350F8B6
:104D1000223085FB03B39B0040F8223083EAE37B1B
:104D20000332ABEBE373BA4244EA0304E3D1029BE0
:104D300063450DDB5746C1E70D4B2C9D53F83550AD
:104D4000059B5E68CCE7039D05EB83032D68C6E7F2
:104D5000049B019A01330132032B0493019292D1F7
:104D60002E9BC3E9004121B0BDE8F08F1C73010800
:104D70000C730108002800F08680C368002B00F047
:104D800082802DE9F04F466985B0002E78D0876982
:104D9000002F75D0D0F8BC3707F50054022BD4F89B
:104DA00000220D4631D0DFF8E4A003964FF0000951
:104DB00006F58058039BD8F8186B009609F0010B94
:104DC00003EBC91039465B4600F062F8D4F80012D4
:104DD0000BEB0B1301EB83112846524607EB8101C5
:104DE00000F09CFBD4F8002209F10109A2EB0B02B0
:104DF00002F00702B9F1120FC4F8002205F14005D4
:104E0000D8D1002005B0BDE8F08F06F5106307F19A
:104E1000800A03934FF0000906F5805809F0010B52
:104E2000D8F8181B009130465B46394600F030F840
:104E3000D8F81C1BD4F8002200915B4606F51060E0
:104E4000514600F025F8D4F800120BEB0B1201EBE1
:104E5000821128460D4A07EB810100F0B3FCD4F81B
:104E60000022039B8036A2EB0B0202F00702B34242
:104E700009F1010905F18005C4F80022CED1C0E78F
:104E80004FF0FF30BEE74FF0FF307047286E01084B
:104E90002DE9F04F8BB0CDE90412149C0893052C3A
:104EA00000F33883C4F1060B031F00F17C0153F8B3
:104EB000042F42FA0BF299421A60F8D1C16F0268CE
:104EC000C46B056C531A0A44C04981FB0363611B20
:104ED0005B002C44BE4D85FB016117194901121B73
:104EE0000760BC4C84FB02525200C2635A18026431
:104EF0005B1A84FB0323816F4268856B446C5B0003
:104F0000C367531A0A44B44981FB0363291B5B003E
:104F10002C44B24D85FB01611519C900121B069581
:104F20004560AF4C84FB0252520082635A184264BF
:104F30005B1A84FB0323446F8268416B856C5B00C2
:104F40008367131B2244A74C84FB03634C1B5B0049
:104F50002944A54D85FB04645618E400521A0796AF
:104F60008660A24981FB0252520042631A19826490
:104F70001B1B81FB0323046FC268016BC56C5B00C4
:104F80004367131B22449A4C84FB03634C1B5B0056
:104F90002944984D85FB046402EB010EA400521ACB
:104FA000C0F80CE0944981FB0252520002631A19C6
:104FB000C2641B1B81FB0323C16E0269C46A056DB9
:104FC0005B000367531A0A448C4981FB0363611B2E
:104FD0005B002C448A4D85FB016115198900121B69
:104FE00003950561874C84FB02525200C2625A1835
:104FF00002655B1A84FB0323816E4269846A456DF6
:105000005B00C366531A0A447F4981FB0363611B3B
:105010005B002C447D4D85FB016102EB04084900D7
:10502000121BC0F814807A4C84FB025292008262F8
:105030005A1842655B1A84FB0323416E8269446AF5
:10504000856D9B008366531A0A44724981FB036392
:10505000611B5B002C44704D85FB016102EB040970
:105060004900121BC0F818906C4C84FB025292004D
:1050700042625A1882655B1A84FB0323016EC2697F
:10508000066AC46D9B004366531A0A44644981FB57
:105090000353644D311B5B00344485FB016102EB1B
:1050A000040C4900121BC0F81CC05F4C84FB025268
:1050B000120102625A18C2655B1A84FB03231B01AA
:1050C0005A4A5B4E5B4C03665B4B5C49DFF87CA144
:1050D0005B4DCDF824B0CDE90123079B079000F18B
:1050E00020027046B6462646069CDDF80CB00391B9
:1050F000A7EB0C01674486FB01C1A0EB0B0649003E
:1051000058448EFB06C6A7EB000CF600384485FB1E
:105110000C7C8F1B4FEA4C0C0E44394685FB017109
:10512000A4EB09054FEA410B4C44039981FB05753B
:10513000A3EB080701996D00434481FB07E7A4EB4B
:10514000030E02997F00234481FB0E4E4FEA8E042A
:10515000A5EB070E2F4481FB0E5E3A494FEA8E0500
:10516000A0EB030881FB08E8ACEB040E81FB0E9E6C
:105170006444034404EB4E044FEA48084FEA4E00EF
:1051800042E9078442F8203C42F8140CF31B0C4619
:1051900081FB0303ABEB05000BEB05015B00254630
:1051A00085FB004001EB4001440003EB40000B4451
:1051B00042E90234244B3E440AF1180A0E44534596
:1051C00042E9046002F120025ED041E051C2134086
:1051D000FB22855172464F40BD45B340CF200B6D39
:1051E000103CE1426D2DFA419057D941449F9148BE
:1051F0002134F943968DFC5E630ECB52C41BCC4622
:10520000971AD84A2E40E264F09C9D4AB31D7D7CDB
:10521000A924E2431137AE4F26CF6F6BC1923C6E8B
:10522000A71E6056EBF64C5F044E9E51BF6B327367
:105230004267035246FB404145BA9E5388DEF84C14
:10524000EFE945459A79825AF47601089476010887
:10525000DAE91A53DAF874100393DAF8703001932C
:1052600052E9050BDAF8606052F8207C52F804CC61
:10527000DAF864E052F81C4C52F8089C52F8183CDA
:1052800052F80C8C029133E7059A089BDDF824B0A4
:105290000798D21A02F0070202F580629100002BF3
:1052A00000F02C81049D059B04686E189B003462FD
:1052B00003F5885345F822400024049DA1F57C6144
:1052C000EA180C4441681162E9502B19416E456F90
:1052D0002944456C0D44C2F82051C2F80051476B77
:1052E000456A3D44C2F82052C2F80052456D294437
:1052F000C2F82013C2F80013456F4769C16EC2F8A7
:105300002074C2F800742944456D0D44C2F820553C
:10531000C2F80055C76A456B3D44C2F82056C2F832
:105320000056C56C2944C2F82017C2F80017C56E94
:10533000C16F2944C568C2F82058C2F80058C56C2E
:105340000D44C2F82059C2F80059C56AC76B3D44E4
:10535000C2F8205AC2F8005AC56D2944C2F8201B71
:10536000C2F8001BC169C56FC2F8201CC2F8001C3E
:10537000C16D2944C2F8201DC2F8001DC16BC2F8DE
:10538000201EC2F8205FC2F8005FC2F8001E049D14
:10539000416819622951816F446E2144446C0C4468
:1053A000C3F82041C3F80041456A846B2C44C3F81C
:1053B0002042C3F80042846D2144C3F82013C3F88F
:1053C00000138169C3F82014C3F80014846F816E40
:1053D0002144846D0C44C3F82045C3F80045856B17
:1053E000846A2C44C3F82046C3F80046846C2144E8
:1053F000C3F82017C3F800178168C3F82018C3F852
:105400000018846E016F2144846C0C44C3F8204959
:10541000C3F80049856A046B2C44C3F8204AC3F8DA
:10542000004A046D2144C3F8201BC3F8001B016926
:10543000C3F8201CC3F8001C046F016E2144046DE6
:105440000C44C3F8204DC3F8004D046A056B2C448E
:10545000C3F8204EC3F8004E006C0144C3F8201F6F
:10546000C3F8001FBBF1000F45D03168CBF11F041A
:105470004FF0004541FA04F025FA0BF5B0EBE17F5F
:105480004FEAE17705F1FF3518BF85EA070101FA18
:105490000BF102F120003162316002F5815250F8C7
:1054A000201C41FA04F6B6EBE17F4FEAE17718BF22
:1054B00085EA070101FA0BF1016040F8201C00F5B4
:1054C00080708242EBD103F1200103F5815351F842
:1054D000202C42FA04F0B0EBE27F4FEAE27618BFEC
:1054E00085EA060202FA0BF20A6041F8202C01F567
:1054F00080718B42EBD10BB0BDE8F08F049D059B12
:10550000046801F58852AE189B003462AC504FF429
:105510008854D2E64FF0000BD0E400BF2DE9F04FE5
:10552000844683B0D2E900754FF000730024CE6D3D
:105530000868C0FB07346D42C6FB0534D5684F6868
:105540008E6D9068C7FB00346D42C6FB053455690B
:105550008F684E6D1069C7FB00346D42C6FB053481
:10556000D569CF680E6D9069C7FB00346D42C6FBEC
:105570000534556A0F69CE6C106AC7FB00346D4262
:10558000C6FB0534D56A4F698E6C906AC7FB003440
:105590006D42C6FB0534556B8F694E6C106BC7FBB3
:1055A00000346D42C6FB0534D56BCF690E6C906B31
:1055B000C7FB00346D42C6FB05341B0D43EA0433C0
:1055C0005D15B5EBE37F1CBFDC1784F4FF4301F5E9
:1055D00080550CBF9B1183F07F03D2F800742E68B6
:1055E000ACF8003000244FF00073C6FB0734D2F84B
:1055F00004746E68C6FB0734D2F80874AE68C6FB44
:105600000734D2F80C74EE68C6FB0734D2F8107475
:105610002E69C6FB0734D2F814746E69C6FB0734D2
:10562000D2F81874AE69C6FB0734ED69D2F81C6471
:10563000C5FB06341B0D43EA04335D15DC17B5EBDF
:10564000E37F16BF84F4FF439B1183F07F03ACF824
:10565000203002F5886302F180040CF140090193C7
:105660004FF000780027E64654E910ABD1F800016E
:10567000D1F85CC142463E46C0FB0A2643463D4641
:10568000C0FB0B35CBF10000CCFB0026CCFB0A3570
:1056900054E90ECAD1F804B1D1F85801CBFB0C265D
:1056A000CBFB0A35CAF1000AC0FB0A26C0FB0C3549
:1056B00054E90CCAD1F808B1D1F85401CBFB0C263F
:1056C000CBFB0A35CAF1000AC0FB0A26C0FB0C3529
:1056D00054E90ACAD1F80CB1D1F85001CBFB0C2621
:1056E000CBFB0A35CAF1000AC0FB0A26C0FB0C3509
:1056F00054E908CAD1F810B1D1F84C01CBFB0C2603
:10570000CBFB0A35CAF1000AC0FB0A26C0FB0C35E8
:1057100054E906C0D1F814B1D1F848A1CBFB0C264E
:10572000CBFB00354042CAFB0026CAFB0C3554E9CE
:1057300004C0D1F818B1D1F844A1CBFB0C26CBFBA7
:1057400000354042CAFB0026CAFB0C3554E902C0B2
:10575000D1F81CB1D1F840A1CBFB0C26CBFB003516
:105760004042CAFB0026CAFB0C35120D42EA063243
:105770005615D017B6EBE27F4FEA135343EA0533D1
:1057800014BF80F4FF4292114FEA635018BF82F0B9
:105790007F022EF8022FB0EBE37F4FEAE37216BFD1
:1057A00082F4FF439B1183F07F0329F8023D019BA4
:1057B00040349C4201F580717FF456AF03B0BDE8E0
:1057C000F08F00BF2DE9F04F4FF00073002585B03A
:1057D00016680F6880461C46AC46C7FB064C5768E7
:1057E000C7F1000ECF6DC7FB0E4CD1F88070C7FB20
:1057F0000635D1F8DC60C6FB0E3596684F68C7FBEE
:10580000064CD768C7F1000E8F6DC7FB0E4CD1F860
:105810008470C7FB0635D1F8D860C6FB0E35166913
:105820008F68C7FB064C5769C7F1000E4F6DC7FB69
:105830000E4CD1F88870C7FB0635D1F8D460C6FB92
:105840000E359669CF68C7FB064CD769C7F1000EC5
:105850000F6DC7FB0E4CD1F88C70C7FB0635D1F825
:10586000D060C6FB0E35166A0F69C7FB064C576A37
:10587000C7F1000ECF6CC7FB0E4CD1F89070C7FB80
:105880000635D1F8CC60C6FB0E35966A4F69C7FB6A
:10589000064CD76AC7F1000E8F6CC7FB0E4CD1F8CF
:1058A0009470C7FB0635D1F8C860C6FB0E35166B81
:1058B0008F69C7FB064C576BC7F1000E4F6CC7FBD7
:1058C0000E4CD1F89870C7FB0635D1F8C460C6FB02
:1058D0000E35966BCF69C7FB064CD76BC7F1000E30
:1058E0000F6CC7FB0E4CD1F89C70C7FB0635D1F886
:1058F000C060C6FB0E35240D44EA0C346715B7EBC7
:10590000E47F18BFE6174FEA135343EA053318BF85
:1059100086F4FF444FEA63550CBFA41184F07F0462
:105920000480B5EBE37F4FEAE37418BF84F4FF43D0
:1059300001F580550CBF9B1183F07F034FF000777A
:105940000026D2F800C4438034463B462868C0FB9A
:105950000C34D5F88000C0FB0C76D2F804C468681B
:10596000C0FB0C34D5F88400C0FB0C76D2F808C418
:10597000A868C0FB0C34D5F88800C0FB0C76D2F8C0
:105980000CC4E868C0FB0C34D5F88C00C0FB0C7666
:10599000D2F810C42869C0FB0C34D5F89000C0FBC5
:1059A0000C76D2F814C46869C0FB0C34D5F89400A6
:1059B000C0FB0C76D2F818C4A869C0FB0C34D5F82B
:1059C0009800C0FB0C76D2F81CC4E869C0FB0C340C
:1059D000D5F89CE03D46CEFB0C561B0D43EA043344
:1059E0005F15DC17B7EBE37F16BF84F4FF439B1111
:1059F00083F07F03A8F840302B0D43EA06335D1592
:105A0000DC17B5EBE37F16BF84F4FF439B1183F0F3
:105A10007F03A8F8423008F10803CDE9003802F509
:105A2000886302F1800B03935BE910E8D1F8000171
:105A3000D1F85C314FF000744FF0000CC0FB0E4CFD
:105A40004FF000720026C0FB0826C8F1000AC3FB15
:105A50000A4CC3FB0E264FF00070D1F8DC91D1F850
:105A6000803102920027C3FB0E074FF00073D1F87C
:105A700080210025C2FB0835C9FB0A07C9FB0E358A
:105A80005BE90EAED1F80491D1F85881C9FB0A4CFC
:105A9000029AC9FB0E26CEF10009C8FB094CC8FBCF
:105AA0000A260292D1F8D881D1F88421C2FB0A07D4
:105AB000C2FB0E35C8FB0907C8FB0A355BE90CAE13
:105AC000D1F80891D1F85481C9FB0A4C029AC9FB5C
:105AD0000E26CEF10009C8FB094CC8FB0A2602922B
:105AE000D1F8D481D1F88821C2FB0A07C2FB0E3558
:105AF000C8FB0907C8FB0A355BE90AAED1F80C916F
:105B0000D1F85081C9FB0A4C029AC9FB0E26CEF18E
:105B10000009C8FB094CC8FB0A260292D1F8D081C3
:105B2000D1F88C21C2FB0A07C2FB0E35C8FB09075E
:105B3000C8FB0A355BE908AED1F81091D1F84C8169
:105B4000C9FB0A4C029AC9FB0E26CEF10009C8FB1C
:105B5000094CC8FB0A260292D1F8CC81D1F89021D9
:105B6000C2FB0A07C2FB0E35C8FB0907C8FB0A3592
:105B70005BE906AED1F81491D1F84881C9FB0A4C13
:105B8000029AC9FB0E26CEF10009C8FB094CC8FBDE
:105B90000A260292D1F8C881D1F89421C2FB0A07E3
:105BA000C2FB0E35C8FB0907C8FB0A355BE904AE2A
:105BB000D1F81891D1F84481C9FB0A4C029AC9FB6B
:105BC0000E26CEF10009C8FB094CC8FB0A2602923A
:105BD000D1F8C481D1F89821C2FB0A07C2FB0E3567
:105BE000C8FB0907C8FB0A355BE902AED1F81C9176
:105BF000D1F84081C9FB0A4C029AC9FB0E26CEF1AE
:105C00000009C8FB094CC8FB0A260292D1F8C081E2
:105C1000D1F89C21C2FB0A07C2FB0E35C8FB09075D
:105C2000C8FB0A35240D44EA0C344FEA645EBEEB2F
:105C3000E47F4FEAE47C18BF8CF4FF44009A4FEAFB
:105C4000105040EA07300CBFA41184F07F044715C0
:105C500022F8044C029AC417B7EBE07F18BF84F413
:105C6000FF404FEA1252009C42EA06320CBF8011FC
:105C700080F07F0024F8020C5415B4EBE27F4FEA69
:105C8000E2704FEA135343EA053318BF80F4FF4232
:105C9000019C4FEA63500CBF921182F07F02A4F87E
:105CA0007C20B0EBE37F4FEAE37218BF82F4FF433E
:105CB000019A0CBF9B1183F07F03A2F87E30009BFA
:105CC00004330093131F0193039B0BF1400B9B457F
:105CD00001F580717FF4A8AE05B0BDE8F08F00BF7C
:105CE0002DE9F041C66A8E4204D0037904460D4680
:105CF0001BB91DBB0020BDE8F08100F13008012375
:105D000040783246414605F07DFB10BBA369226A0C
:105D100020711A44B242ECD9E778012F01D8E8E7A4
:105D2000A36960781E44013F012332464146FFB219
:105D300005F068FB012FF3D1002DDBD06078012343
:105D40002A4604F1300105F01DFB10B9E562BDE8FB
:105D5000F0810120BDE8F08103692DE9F04101F1F6
:105D600009020C46002B43D0466996F80CC0751EFC
:105D700011310CF0080E0DE0A3F14107BEF1000F48
:105D800004D0192F03F1200700D8FBB202F8013B21
:105D900091420AD015F8013F202B50D0052BEBD1B2
:105DA000E52302F8013B9142F4D1337A202B44D011
:105DB0000A462E2302F8043B0CF010050131F71DB2
:105DC00017F8013F202BA3F1410C36D025B1BCF1CF
:105DD000190F9CBF2033DBB201F8013B8A42EFD19F
:105DE000F37A2372F3692360338BA380F38AE38011
:105DF00000251570A669F6B10369D3B1028C4FF680
:105E0000FF739A4215D0D0F81C8038F8020B80B18D
:105E1000771E09E0E369013BAB420ADD07F8010F99
:105E200038F8020B013578B1002102F08BFD002813
:105E3000F0D100233370BDE8F0810A46D0E7337A11
:105E4000202B1146B4D1F8E72E44F2E710B50446F2
:105E50000A464078012304F1300105F093FAB0B905
:105E6000B4F82E224AF655239A420ED1D4F8663061
:105E7000084A23F07F43934206D0D4F8820020F0F2
:105E80007F40801A18BF012010BD022010BD0320E2
:105E900010BD00BF464154002DE9F0410378066A69
:105EA000022B04460D4607D0032B45D0012B1AD0F8
:105EB0004FF0FF30BDE8F08141894908B5FBF1F1B1
:105EC0003144FFF70DFF0028F2D16389ADB2013BE9
:105ED00003EA4503234493F8312093F8300040EA65
:105EE0000220BDE8F08101EB51074189B7FBF1F1D8
:105EF0003144FFF7F5FE0028DAD161894B1E3B40A3
:105F0000234407F101082046B8FBF1F1314493F82E
:105F10003060FFF7E5FE0028CAD16389013B03EA40
:105F20000803234493F8303046EA0320EB074CBFC4
:105F30000009C0F30B00BDE741898908B5FBF1F109
:105F40003144FFF7CDFE0028B2D16389ADB2013BE9
:105F500003EA850303F130022244E1189078D478F3
:105F600091F830105378000440EA0460084340EA96
:105F7000032020F07040BDE8F08100BF2DE9F04122
:105F80000378076A022B04460D46164608D0032BF9
:105F900057D0012B1DD0022001232371BDE8F081D1
:105FA00041894908B5FBF1F13944FFF799FE002812
:105FB000F2D16389ADB2013B03EA45032344C6F342
:105FC000072283F8306083F8312001232371BDE874
:105FD000F081418905EB5508B8FBF1F13944FFF731
:105FE0007FFE0028D8D161894B1E03EA080315F013
:105FF000010523444ED093F83000320102F0F00244
:1060000000F00F00024383F83020012308F101085B
:106010002371B8FBF1F120463944FFF761FE0028F7
:10602000BAD16389013B03EA0803ADBB2344C6F33D
:10603000032293F8301021F00F010A4383F8302037
:10604000AAE741898908B5FBF1F13944FFF748FE19
:106050000028A1D16389ADB2013B03EA8503234443
:10606000C6F3072283F8312083F830606389013B4F
:1060700003EA85032344320C83F832206389013B11
:1060800003EA85032344320E83F83320012323716E
:10609000BDE8F081F2B2B6E7C6F307122344CDE7BC
:1060A00001292AD9F8B5C3698B420C46054622D985
:1060B00001260EE0EF69BB421DD2FFF75FFFD8B9A2
:1060C0002B695A1C02D001332B616E71EB69A3421C
:1060D00015D921462846FFF7DFFE84462346214690
:1060E00064460022284654B1012C04D01CF101075B
:1060F00007D0012BDED80220F8BD02207047002017
:10610000F8BD0120F8BD00BF8368012B70B50546BE
:10611000C18020D00068C2699A421CD90E46E3B102
:1061200041898478490914FB01F4A4B2A6420FD234
:106130003CE0FFF7B1FE311B421C03468EB244D057
:10614000012808D92868C2699A4204D9A6422BD3EB
:1061500093421946EDD3022070BD0378032B15D06E
:1061600003890022B342EA60F5D94189426A4909AC
:10617000B6FBF1F312FA83F201FB13639BB23030EA
:1061800000EB431068612A61002070BD436A002B58
:10619000E6D041898478490914FB01F4A4B2A642EF
:1061A00004D3012BD7D0D3E741894909023AEB60E8
:1061B000023B93423BBF826A8478002203FB0422A5
:1061C000B6FBF1F312FA83F2D6E7012070BD00BFEF
:1061D0002DE9F041C7690546884611BBC668E6B996
:1061E0000126344610E0012E28D00224EB69A34298
:1061F000214628460DD9FFF74FFEA0B3411C2DD0F4
:10620000012806D0A64219D00134A742EBD9012CAF
:10621000ECD801242046BDE8F081B74298BF0126A2
:10622000DFE70129F5D08F42F3D9FFF735FE0128CA
:106230000446EED98742EDD84646D2E700242046F0
:10624000BDE8F081B8F1010F08D0EB69984505D29F
:10625000224641462846FFF791FE90B14FF0FF34A9
:106260002046BDE8F081EB69A342F7D96FF0704298
:1062700021462846FFF782FE0028EFD1B8F1000F33
:10628000E0D12B69EC605A1CC4D0013B01222B6188
:106290006A71BFE72DE9F04F0646C068D04283B06F
:1062A0000BD3B368834288BFF360B379002043F017
:1062B0002003B37103B0BDE8F08F1746002AF0D079
:1062C0000C46B168984606F1240A4FF0000932687E
:1062D0005589B1FBF5F305FB1313002B4ED1F07973
:1062E000937898420ED3002940F08D8030690028C1
:1062F00000F09180012861D0421C28D03268706182
:1063000086F80790B3795B0660D47369D169023B64
:1063100002398B4252D29178906A01FB0303002B21
:106320004CD05589F079BD4203EB000B17D8B7FB71
:10633000F5F54319994238BF0D1AEBB25078019325
:106340005A46214605F05EF8019B00284CD0B379EF
:10635000012043F08003B37103B0BDE8F08FB3694F
:10636000B1689B4502D0F36899425CD3B1FBF5F369
:106370000130C6F818B0F07105FB1313ED1ABD42D9
:1063800028BF3D4620464DB123333344601914F8ED
:10639000012B03F8012F8442F9D1B168B37943F09E
:1063A0004003B371D8F8003029442B447F1BB160FF
:1063B0000446C8F800308AD1F06872E7B379022049
:1063C00043F08003B37103B0BDE8F08F5078B26939
:1063D0000123514605F016F8B3790028B8D123F00F
:1063E00040033268B37190E7B269A2EB0B029542A9
:1063F00026D832685089F279B16800FB05F513445C
:106400006019F371CEE771691046FFF7E1FE0028CD
:106410007FF470AFD0E71046FFF7DAFE3061002856
:106420007FF468AFC8E7507801235A46514604F01C
:10643000A9FF00288BD13368F0795D89B16895E7B1
:106440003168498901FB0242084659B102EB010C4F
:1064500006F1230112F8010B01F8010F6245F9D191
:1064600032685089B27922F04002B271C3E700BFAE
:106470002DE9F04F05468068EE68361A964228BF2F
:10648000164683B0002E00F0D480A9460F4659F876
:10649000242B98464FF0000A5189B0FBF1F301FB21
:1064A0001303002B40D1E979937899425BD2686954
:1064B000D3690238023B984265D29378946A03FB11
:1064C0000044002C5FD0B2F80AB0E979B3450C441F
:1064D0001AD8B6FBFBFB01EB0B00834238BFA3EBE2
:1064E000010B5FFA8BF3507801932246394604F092
:1064F00049FF019B00284ED0AB79012063F07F0358
:10650000AB7103B0BDE8F08FAB795B0666D4AB69C5
:106510009C424FD1EB79A868AC610133EB71518992
:10652000B0FBF1F301FB1303CC1AB44203F12403D3
:1065300028BF34462B44002C79D07A1E181913F842
:10654000011B02F8011F8342F9D1A8682744361BBA
:106550002044D8F80030A8602344C8F80030002E4A
:1065600067D02A6898E700282ED1286901280AD91F
:10657000411CC1D02A6885F807A0D3696861023B35
:106580000238984299D3AB7963F07F030220AB7154
:1065900003B0BDE8F08FAA79520630D42A68548936
:1065A000EA79A86804FB0BF413442744361BEB710B
:1065B0002044CEE7507801232246494604F0E2FE0B
:1065C000002899D12A68A5E769690129DBD9D3692F
:1065D0009942D8D21046FFF75FFCC7E75078AA6906
:1065E0000123494604F00EFFAB79002885D123F042
:1065F0004003AB71AB692A689C428BD0DAE7A9698A
:10660000091B8B45CAD9284650F8242BB2F80AC07A
:106610000CFB01726446BCF1000FC1D002EB0C040C
:1066200010F8011B02F8011B9442F9D1B6E7A860EB
:1066300032E70020ACE700BF2DE9F843C4880134FD
:10664000A4B2002C46D002690546002A42D0006858
:1066500043895B09B4FBF3FC03FB1C439BB23BB1D6
:10666000303000EB43106861EC800020BDE8F88317
:106670000E46E96801322A6149B38278013A12EA8A
:106680000C0FEDD1012928D0C369994225D2FFF71B
:1066900003FC0128074620D9421C5FD02868C36943
:1066A000BB421CD9A7F10208023B4345EF6082BF01
:1066B0008278836A08FB0233428998BF002352091B
:1066C0002B61B4FBF2F302FB13439BB2C8E70289D0
:1066D000A242C5D80420BDE8F8830220C6E7002EF8
:1066E000F8D0E968FFF774FD0746002838D0012884
:1066F000F3D0431C32D028680021FFF7F1FA064698
:1067000060BB29684A8901F130033AB130320A444A
:10671000014603F8011B9342FBD12968CB69A7F11D
:106720000208023B9845084621D28A788B6A08FB0A
:106730000233CB62B2B14FF0010906E02868C36AA8
:1067400082780133B242C3620DD980F804900021EF
:10675000FFF7C6FA0136F6B20028EFD0012085E730
:10676000072083E716469B1BC362C3699CE78A78B0
:106770000023DEE72DE9F04FFF2583B004462F46C6
:1067800007E00F292ED0FF2700212046FFF754FFF6
:1067900028BB21692068FFF7A3FA00BB666932783D
:1067A000002A76D0F37AE52A03F03F01EBD013F00C
:1067B0000800E6D10F2915D0002F55D04FF6FF72F3
:1067C000A3692284DA7AD207DDD406F10B0716F822
:1067D000011B13F8012B9142D5D1BE42F7D103B072
:1067E000BDE8F08FD4F81C80B8F1000FCCD0500673
:1067F0004BD5E388757B238402F0BF07737BAB42E4
:10680000C1D13278DFF8B0B002F0BF02013A02EB3A
:10681000420302EB830201230BF10C099C464FF665
:10682000FF7A05E05045AED1D94536D01BF8013F7F
:10683000F118F35C497843EA0120BCF1000FF1D074
:10684000009202F0A1F8009A0190511CFE2A0091DA
:1068500099DC38F8120002F097F8019B83428446D5
:1068600091D100990A46DFE7314606F10A0C01E0B2
:1068700011F8012FFB0143EA570352FA83F38C45C9
:10688000DFB2F5D1AF4299D1A9E7BA427FF47BAF2D
:10689000B4E7042003B0BDE8F08F3378590607D57C
:1068A000BCF1000F04D038F81230002B7FF46BAF2E
:1068B000013FFFB268E700BF547701082DE9F04FB0
:1068C0000B782F2B83B08846064638D05C2B36D009
:1068D0000024B46098F800301F2B38D9DFF8A0925C
:1068E000F7691F2B98B226D9BD1EC346AA460124BC
:1068F00009E02AF8020F1BF8010F1F2804F1010319
:1069000040F2FA801C462F2804F1FF3327D05C2880
:1069100025D0B4F5807F0ED0012102F013F850B1DC
:106920007F28E6D8954A222303E012F8013F002B86
:10693000DFD09842F9D1062003B0BDE8F08F08F10E
:1069400001080024B46098F800301F2BC6D82146F7
:106950003046FFF7D9FB746103B0BDE8F08FA04467
:10696000002BE8D04FF0000A07EB430131F8022D6D
:10697000202A01D02E2A02D1013BF7D1DBE7B269F0
:10698000002127F8131002F10B00202102F8011B4F
:106990008242FBD1002400E0013435F8020F2028A8
:1069A000FAD02E28F8D00CB14AF0030A07EB4302C4
:1069B00032F8021D2E2901D0013BF9D10134002803
:1069C00000F0CF8000254FF0080B2A4620285DD02C
:1069D0002E285ED05A4568DAA3425CD07F2800F2A8
:1069E0009080DFF8A0C12B2104E01CF8011F0029D2
:1069F00000F09B808142F8D14AF0030A5F20B16920
:106A00008854013237F8140001340028DED1B3690C
:106A10001A78E52A02D105221A70B369BBF1080F72
:106A20004CD005F00C020C2A4ED005F003010329CE
:106A30004AD00AF0020149B905F00305012D08BF4B
:106A40004AF0100A042A08BF4AF0080A83F80BA08B
:106A500000213046FFF758FB00283FD13046FFF7B2
:106A600089FEB369DB7A03F0040300283AD1002BD6
:106A70007FF462AF7369DA7AD20639D59A8A5B8B72
:106A800043EA0243B36098F8003029E74AF0030A6A
:106A9000B8E7A342FAD1BBF10B0F57D0AD00EDB26E
:106AA0001C464FF00B0B0822ACE7BBF10B0F4DD08F
:106AB000A342F3D04AF0030AA9DBEFE7AD0005F0EB
:106AC0000C020C2AEDB2B4D14AF0020A83F80BA0F2
:106AD00000213046FFF718FB0028BFD0B369DB7AEE
:106AE00003F0040304287FF427AF002B7FF424AFC6
:106AF000052003B0BDE8F08F98444FF0040A234608
:106B000032E70021CDE9003201F01CFFDDE900325F
:106B100040B148444AF0020A10F8700C00283FF4D3
:106B20006BAF5EE74AF0020A66E7A0F1410119295E
:106B300003D845F00205C0B261E7A0F1610119294F
:106B40009CBF203845F00105C0B258E7B3691A78F8
:106B5000E52A4AF0030A7FF464AF05221A70B3698C
:106B60005FE7B3691A78E52A054601D02A4660E74F
:106B700005221A70B3692A465BE700BF107D010841
:106B8000547701081C7D01082DE9F843FF250646CE
:106B90002C46042009E0BCF10F0F1FD00021304625
:106BA000FF24FFF749FD00285CD13169002960D03E
:106BB0003068FFF795F8002854D1736919780029D7
:106BC0005CD0E529DA7AE9D02E29E7D012F0080066
:106BD00002F03F0CDFD1BCF10F0F51D14A0645D571
:106BE000F2885D7B328401F0BF015A7BAA42D5D185
:106BF00018782D4CD6F81C8000F03F00013800EBCF
:106C0000400200EB8200012204F10C0E17464FF601
:106C1000FF790AE0FE28C1DCA64528F810201746B7
:106C200000F101000ED014F8012F03EB020C9A5C66
:106C30009CF801C042EA0C22002FEBD14A45ADD1AD
:106C4000A645F0D11B785B0604D5FE28A6DC002300
:106C500028F810300139CCB230460021FFF7ECFCA7
:106C60000028A2D000233361BDE8F8838C4295D17F
:106C7000BBE70028F6D10020BDE8F8830420F1E747
:106C800074B903F10A0701E013F8011FE20142EAB7
:106C9000540251FA82F29F42D4B2F5D1A542EAD011
:106CA0004FF6FF733384DFE754770108F8B5018CA2
:106CB000C5884FF6FF73994208BF29460446FFF77F
:106CC00023FA0346C8B9E52701260AE0626917706E
:106CD00022681671E288AA420FD2FFF7ADFC034684
:106CE00040B921692068FEF7FBFF0346194620469C
:106CF000002BEBD0042B08BF02231846F8BD00BFC1
:106D0000F8B5C56A04460DB103795BB92378032B46
:106D10002AD000226078114604F0BAFB003818BF70
:106D20000120F8BD00F13007012340782A4639469A
:106D300004F068FBB0B9A369226A20711A44954235
:106D4000E4D2E678012E01D8E0E7A36960781D441B
:106D5000013E01232A463946F6B204F053FB012EC8
:106D6000F3D1D3E70120F8BD6379002BD1D0002502
:106D700004F13001E56204F50C720B4603F8015B87
:106D80009A42FBD1D4E90332094820634AF65520E0
:106D9000A4F82E020748C4F81822C4F81C32C4F81C
:106DA000140262696078012304F02CFB6571B0E77E
:106DB0005252614172724161012904D9C2698A4209
:106DC00001D9FFF769B80120704700BF01290BD92D
:106DD00010B4C4698C4203D95DF8044BFFF7CEB8F8
:106DE00002205DF8044B704702207047C3690239E6
:106DF000023B8B4283BF8378806A01FB0300002043
:106E0000704700BF70B500F1FF3E82B001F10B0585
:106E1000F44611F8014B0CF8014FA942F9D1052BAA
:106E20000AD91488D90341EA530314FA83F332F8D8
:106E3000024F9BB2002CF5D11B4E02AC0722A6FBE1
:106E40000351C90801EB810CA3EB4C0C1D460CF15E
:106E5000300C092D04F801CD02F1FF328BB2EED8CF
:106E600002F108036B447E21002A03F8081C4FF04E
:106E7000000303DC06E001339A4203D01EF8011F31
:106E80002029F8D10344083002F108016944072A97
:106E9000D4BF11F8081C202103F8011BD8BF013210
:106EA0009842F1D102B070BDCDCCCCCC2DE9F04FE1
:106EB000D0E9068787B0054603AA08F10C004346CF
:106EC00013F8011B02F8011B9842F9D19DF8173005
:106ED000DA0723D5002388F80B300126EB6108E0A0
:106EE000FFF748FC0136B6B2044680B9642E00F0C4
:106EF000F88033463A4603A94046FFF783FF002156
:106F00002846FFF701F904462846002CE8D0042C57
:106F10002DD19DF8173088F80B30EF619B072AD4EC
:106F2000012600212846FFF7EFF80446F8B9074686
:106F300006E082B1044601212846FFF77DFBA8B98F
:106F400029692868FEF7CCFE631C9BB270B96A6998
:106F50001278E52AEDD104B9EF889E421DD00121B7
:106F600028461C46FFF768FB0028E9D00446204667
:106F700007B0BDE8F08F3B88002BD1D00023013350
:106F80009BB237F81320002AF9D1574A03F11906AA
:106F9000A2FB0626C6F38F06C3E7012EA34622D125
:106FA00029692868FEF79CFE04460028DFD16E6937
:106FB000024606F12001334603F8012B9942FBD12A
:106FC000AB69721E03F10B0013F8011B02F8011FDD
:106FD0009842F9D1AB69DB7A03F0180333732B685D
:106FE00001221A71C3E739462846FFF78DF8044697
:106FF0000028BCD1AA6902F10B0112F8010BE301D0
:1070000043EA540350FA83F38A42DCB2F5D1DFF845
:10701000DCA001945F4629692868FEF761FE00281C
:10702000A4D15FFA87FB0BF1FF366C69019AD5F8A2
:107030001C80627306EB460306EB83064FF6FF796E
:1070400003464FF00F024B45E2722073A076E076C4
:107050001A464FF0010022D038F81630235404EBC2
:10706000000C190A0AEB020E8CF8011073B90132F8
:107070000D2A23D01EF8010F4FF6FF7304EB000C0E
:10708000190A23548CF80110002BF0D001320D2A7C
:1070900006F101060BD04B451AF80200DCD14FF087
:1070A000FF312154013220440D2A4170F3D14FF6B3
:1070B000FF72934202D038F816300BB94BF0400BF8
:1070C00084F800B02B6801221A7100212846FFF7CE
:1070D000B3FA00287FF44AAF013FBFB2002F9AD124
:1070E0005EE7072443E700BF4FECC44E5477010826
:1070F0002DE9F04104682378303B092B164603D86C
:1071000062783A2A00F09380684F3C680C60002C4B
:1071100000F09680237863B1607804F029F9C10704
:1071200007D4002E00F08A8010F0040575D00A25DF
:1071300073E00020208004F00BF9C20705466BD4F1
:10714000607804F10A02022104F0A2F900286AD151
:107150006389B3F5806F66D80EB16B07E7D4002161
:107160002046FEF773FE0128054659D04FF000086F
:10717000032D00F08480002D55D1B4F80AC0B4F876
:107180003B3063454FD1B4F8463003B9636D94F892
:107190004020E68FA361E27003FB02F2B4F84330B3
:1071A00094F83DE0B4F8410084F802E006EB0801F1
:1071B0002081216203B9236D4FEA5C1CB0FBFCF017
:1071C000064416449B1B40F6F676B3FBFEF30233EF
:1071D000B342E36138D94FF6F676B34264D9084436
:1071E0001044B4F86020E16DA0624FF0FF332361DA
:1071F00042440023A380616260786261012304F14C
:10720000300104F0BFF828B9B4F82E224AF655230D
:107210009A4236D0032621E003252846BDE8F081B6
:1072200094F8F2311BBB0D252846BDE8F0810234ED
:107230000460002B3FF468AF0B25EEE73546ECE722
:107240000C252846BDE8F0810126114408444FF082
:10725000FF33C4E90910236100232371BB88267022
:1072600001339BB20022E262BB80E380D5E7D4F811
:10727000F68120464146FEF7E9FD054678E70125FF
:10728000CBE70B4B226B9A42C4D103F1FF53D4F8E6
:10729000142203F5005320339A42BBD1D4E986323D
:1072A0000326C4E90323D9E70226CEE7CCD9002080
:1072B0005252614148B9064B1A6802B1107009B1C7
:1072C00000220A701960002070470B20704700BF31
:1072D000CCD900202DE9F0478EB000230191036046
:1072E0000446174605A902F01E0201A8FFF700FF99
:1072F000054618B128460EB0BDE8F087444B0C9304
:10730000019902AB05A80B93FFF7D8FA17F01C0FF1
:1073100007F01F0833D0002857D17E0776D40A9E85
:10732000002E6FD0F37A13F0110F6BD1380732D5DE
:10733000B38A718BDDF8149035773575757575776F
:10734000B577F577B576F576012251EA0347D9F896
:107350002CA089F8042007D039464846FEF7A0FE45
:1073600040B9013FC9F80C7051464846FEF7B8FCD9
:10737000002834D0054628460EB0BDE8F087002826
:10738000F8D10A9E002E3FD0F37AD9063CD4BA0732
:1073900001D5DB0736D4059B3146DA6AE26184F811
:1073A00006802162B18A728B42EA01422261F16950
:1073B000FF22E2710022C4E90221A261DA88A280E0
:1073C000284623600EB0BDE8F0870428D2D105A876
:1073D000FFF76CFD0028CDD10A9E48F00808002375
:1073E000F37201F0ADFAC0F30722F273059BB0739C
:1073F000020C3274000E012270741A710A9948F05E
:107400002008CAE7072575E7042573E7082571E713
:10741000D4D900202DE9F0411D4600232B600368DC
:1074200043B116461A782AB1DA880F46818891420C
:10743000044602D00920BDE8F081587803F098FF97
:10744000C20714D494F90630A279002B0CDBD307C1
:1074500007D52B46324639462046BDE8F041FFF7B6
:1074600007B80720BDE8F0810220BDE8F0810320C5
:10747000E1E700BF2DE9F0411D4600232B600368C2
:1074800043B116461A782AB1DA880F4681889142AC
:10749000044602D00920BDE8F081587803F068FF67
:1074A000C20714D494F90630A279002B0CDB9307A1
:1074B00007D52B46324639462046BDE8F041FEF757
:1074C000E9BE0720BDE8F0810220BDE8F08103207D
:1074D000E1E700BF38B5036833B11A7822B181887B
:1074E000DA889142044601D0092038BD587803F06B
:1074F0003FFFC20746D4A37913F02000F5D05B0606
:107500000DD52146A26951F8240B0123407803F0E0
:1075100079FF002838D1A37923F04003A371E169F2
:107520002068FEF7DDFB0028DFD1256AEB7A43F007
:107530002003EB72E3682B77A3891B0A6B77E3893F
:10754000AB77E37BEB772369AB76238A1B0AEB7679
:10755000638A2B75638A1B0A6B7501F0F1F9A875B4
:10756000C0F30722030C000EEA752B766876A37928
:10757000206823F020030122A3710271BDE8384086
:10758000FFF7BEBB032038BD012038BD10B504464F
:10759000FFF7A0FF00B9206010BD00BF2DE9F0414A
:1075A000036882B03BB11A782AB1DA880E46818826
:1075B0009142044604D00927384602B0BDE8F08164
:1075C000587803F0D5FE10F0010740F0958094F94B
:1075D0000630A279002BC0F28880E368B34203D260
:1075E00012F0020F08BF1E460022FF21A368E171BE
:1075F000A260002EE0D0206890F80280428902FB51
:1076000008F8002B33D0013B721EB3FBF8F1B2FB3C
:10761000F8F28A422BD3C8F1000265691340A360D7
:10762000F61A4DBBA3684189B3FBF1F201FB12329C
:10763000002A5FD0A269AA425CD0A3795B065DD420
:1076400004F12401407801232A4603F09BFE002820
:1076500042D1D4E90232A5619A42ADD2A279E36067
:10766000384642F02003A37102B0BDE8F0812569DD
:107670003DB36561002DD5D0464513D878E0FEF7BF
:10768000A7FD054600284FD06A1C25D0012D45D9FD
:107690002068C369AB4241D9A36865614344B045E2
:1076A000A36044D2A3799A07A6EB08062946E6D43C
:1076B000012D34D9C269954231D2FEF7EDFB054662
:1076C000E2E72946FEF784FD012805464AD0411C21
:1076D00002D020612068CCE7A379012763F07F0303
:1076E0003846A37102B0BDE8F0810227384602B0E7
:1076F000BDE8F081E268AFE703275DE704F124010C
:1077000001234078019103F07DFE0199A3790028BF
:10771000E3D123F040032068A37193E7A37963F0DA
:107720007F03A371022747E7A36820684646418983
:10773000B6FBF1F2334401FB1266D2B2A360E271F0
:1077400076B1C669023D023EB5420BD290F802C046
:10775000866A05FB0C652DB115440132E27163E7C1
:10776000354661E7A37963F07F030227A37123E71E
:10777000A368DCE710B586B00446019100220146FB
:1077800001A8FFF7B5FC08B106B010BD0F4B019979
:1077900003AAC4E906232046FFF790F880B963697D
:1077A0003BB1DA7AD2060DD59A8A5B8B43EA024363
:1077B000A3602368DB88A38000212046FEF7A4FC99
:1077C0000428E1D1052006B010BD00BFD4D90020A7
:1077D00003685BB31A784AB370B5DA880D468188BE
:1077E000914284B0044602D0092004B070BD58789C
:1077F00003F0BEFD10F0010622D1124B01AAC4E92C
:107800000623ADB12046FFF7BFF9042816D00028A3
:10781000EBD129462046FEF79FFA00212046FEF7CD
:107820000BFF0428E1D100202061DEE7092070472A
:1078300029462046FEF768FC04B070BD2661E8E7E3
:107840000320D2E7D4D9002030B58FB00D46019087
:10785000002205A901A8FFF74BFC044610B1204601
:107860000FB030BD0A4B01990C9302AA05A80B92E8
:10787000FFF724F804460028F1D10A9B33B105A88C
:107880002946FEF769FA20460FB030BD0624E6E728
:10789000D4D900202DE9F04782B0154601908846E2
:1078A0000022294601A8FFF723FC064620BB2868D2
:1078B000C4690369A21E934222D90778012F39D0E7
:1078C000016AB4463346B1464BB3022F1ED0DCF8F2
:1078D000002032F0704208BF09F101090CF1040CDC
:1078E000043B013CF0D1032F08BF0123C0F81090E6
:1078F00008BF4371C8F80090304602B0BDE8F08779
:107900003046C8F8003002B0BDE8F087BCF800206F
:107910000AB909F101090CF1020C023BE1E701F19E
:10792000010AFEF7DDF900BB28685146438900F1E2
:10793000300CCAE70227B146A742394607F10107D2
:107940000ED2FEF7A9FA431C14D0012808D008B9BA
:1079500009F101092868C469BC4208D9002FEBD19C
:107960000226304602B0BDE8F0870646C4E7C0F8FC
:107970001090BFE70126BFE7036870B533B11A78EE
:1079800022B18188DA889142044602D0092528462E
:1079900070BD587803F0ECFC10F0010532D194F979
:1079A0000620A379002A2ADB9A0725D5D4E90221EB
:1079B0009142ECD943F02003E260A37172B1616996
:1079C0002068012920D9C26991421DD2FEF764FACC
:1079D000431C06461AD1A379012508E021692068D5
:1079E000FEF75EFB25610028D1D0A379054663F040
:1079F0007F03A371284670BD0725284670BD022568
:107A0000284670BD0325C2E70225F0E7012813D000
:107A10002068C369B342BAD9616901290CD98B4284
:107A20000AD96FF07042FEF7A9FA0028DDD120686C
:107A30003146FEF735FBD6E7A3790225D7E700BF2D
:107A400030B599B00122019006A901A8FFF750FBBB
:107A500008B119B030BD274B019903AA06A8CDE99A
:107A60000C23FEF72BFF0028F3D10B9B002B3CD0FF
:107A7000DA7AD10737D4998A5D8BD30645EA014576
:107A800028D5012D33D90DF13B0306AC0FA914F80D
:107A9000012B03F8012F8C42F9D1022120461195C8
:107AA000FEF732FB0028D4D12046FFF76DF8D0B1A5
:107AB0000428CED106A8FFF7F9F80028C9D1069C02
:107AC00029462046FEF7ECFA0028C2D12046FFF7EF
:107AD00017F9BEE706A8FFF7E9F80028B9D1002D8D
:107AE000EDD1069CF2E70720B3E70620B1E70220BC
:107AF000AFE700BFD4D900202DE9F04F97B00122A5
:107B000009900DA909A8FFF7F3FA044618B1204619
:107B100017B0BDE8F08F734B099914930AAA074672
:107B20000DA81392FEF7CAFE0446002800F0AB80B1
:107B30000428ECD10D9D39462846FEF749FB064640
:107B4000002800F0A580012800F0A480431C00F06C
:107B5000C68039462846FEF7C3F804460028D6D129
:107B6000EB69B21E023B9A423EBFAB6AA97802FBA8
:107B700001386B8928BF804605F130073BB13033AF
:107B8000EA1800213B4603F8011B9A42FBD105F19C
:107B90003B013B46202203F8012B8B42FBD12E23D5
:107BA00085F83030102385F83B3000F0C9FEC3B2B1
:107BB000019385F84630C0F30723029385F84730D8
:107BC000C0F30743039385F84830F3B2059385F873
:107BD0004A30C6F30723069385F84B30C6F30743B4
:107BE000020E079385F84430330E089385F845302C
:107BF000049285F8492005F150013B4613F8012B0A
:107C0000DA778B42FAD12A782E23032A85F851306D
:107C10000F9B43D0DCB2C3F30721C3F307421B0E13
:107C200085F86530AB7885F86A4085F86B1085F883
:107C30006420F3B14FF0000B4FF00109DA4608EB76
:107C40000B0385F80490EB6200212846FEF748F804
:107C500010BB6A8932B130322A443B4603F801AB8B
:107C60009342FBD1AA780BF1010B5FFA8BF39A4296
:107C7000E5D80DA8FFF71AF90446B0B10D983146C2
:107C8000FEF70EFA43E70824204617B0BDE8F08F50
:107C900007243CE702243AE7044638E76A6A9A4236
:107CA000B8D100231A461946BAE7129B019A9A7571
:107CB000029ADA75039A1A76049A5A76059A9A768F
:107CC000069A0899DA760D98079A1A75597501225D
:107CD0001021D9720271FFF713F8044617E7012447
:107CE00015E700BFD4D9002030B58FB00D46019004
:107CF000144605A9012201A8FFF7FAF908B10FB04F
:107D000030BD0E4B01990C9302AA05A80B92FEF709
:107D1000D5FD0028F3D10A9971B1CA7A059855406A
:107D200004EA050303F027035A400123CA720371D2
:107D3000FEF7E6FF0FB030BD0620E0E7D4D9002003
:107D400010B58EB00C460190012205A901A8FFF7DD
:107D5000CFF908B10EB010BD0F4B019902AA05A8CA
:107D6000CDE90B23FEF7AAFD0028F3D10A9B83B1CE
:107D7000E2889A75E2880598120ADA75A2881A765E
:107D8000A2880121120A5A760171FEF7B9FF0EB0DE
:107D900010BD0620DEE700BFD4D9002030B59FB06B
:107DA0004A4B019003A8CDE912030D4601220CA90C
:107DB00001A8FFF79DF908B11FB030BD0C9B0199D8
:107DC00015930CA8FEF77AFD0028F5D1119A002A28
:107DD00043D00B320DF117030BA812F8011B03F867
:107DE000011F9842F9D10DF153030CAC15A914F8F9
:107DF000012B03F8012F8C42F9D129462046FEF7CA
:107E00005DFD38B30428D7D12046FFF74FF800288E
:107E1000D2D11A9C0DF11A0304F10C020DF12D00C0
:107E200013F8011B02F8011F8342F9D19DF81830A5
:107E30000C9A43F020030121E3721171E37ADB060F
:107E40000DD40CA8FEF732FF0028B5D10C98FEF730
:107E500057FFB1E708201FB030BD0420ACE7E37E38
:107E6000627D159DA17E1A43237D43EA0223EA69C0
:107E70000B43023B023A934225D2AA78A96A03FB3C
:107E8000021101B32846FDF72BFF002894D195F885
:107E900051302E2BD5D12B78032B179B0FD01846A2
:107EA000030C1A0AC0F3072185F86430012385F812
:107EB0006A0085F86B1085F865202B71C1E76A6A46
:107EC0009342ECD1ECE7022076E700BFD4D9002042
:107ED000002840F0C0812DE9F04F012987B00D4600
:107EE00000F2B5811646C94A1468002C00F0B5812D
:107EF000207003F02DFAC30700F1B78110F00400E1
:107F000040F0AF8104F10A02022103F0C1FA002817
:107F100040F09D816389B3F5806F00F2988104AAD7
:107F2000012103F0B5FA002840F091810499B1F5E0
:107F3000FA6FC0F08C81B1F1FA6F28BF4FF0FA618F
:107F4000002D00F0948100230193049107224FF447
:107F50000073B3424FEA430300F0B281013AF8D113
:107F6000B34200F0AD81B4F80A90B9F5007F40F259
:107F7000A7824A460B465208B2F5007F4FEA5303E8
:107F8000F9D80022B3F5FA1F059280F09682A04F2F
:107F900001224FF47A2002E057F8040F3246834260
:107FA00002F10106F8D39B4B059203EB4203B3F8B1
:107FB000BC604E4540F6F47338BF4E46B6FBF9F64A
:107FC000B1FBF6F1994200F2568101EB410109F152
:107FD0000203013105F1010B03EB5103B3FBF9F788
:107FE0005FFA8BF302934FF0010A4FF48043B3FB27
:107FF000F9F907EB0903DDE90112002002EB0108A2
:1080000005AA032108EB030B03F042FA002840F015
:108010001E81DDE904014A1E02EB0B034942029A6C
:108020000B40A7EB0B071F44059302EB0903C31A90
:10803000BAF1020FA3EB0703B3FBF6F3039300F0CF
:108040000081BAF1030F05D1039A4FF6F4739A42F7
:1080500040F2FD80002D00F0398104F1300BF02555
:1080600062893AB15A445B46002003F8010B9342FF
:10807000FBD16289029B84F83E3084F83B2053098F
:10808000120A84F83C205FFA89F2029219FB03F984
:1080900013FB02F3002284F8332084F83F20EB2204
:1080A00084F8413084F83020049BFE2284F831208B
:1080B0009022F6B2C9F3072984F83220B3F5803F45
:1080C0004FF0010284F83D6084F8429084F840202B
:1080D00080F0788184F84330C3F3072384F8443078
:1080E000019B84F84C303F234FF0000984F848305E
:1080F000FF2384F8455084F8499084F84B9084F825
:108100004D9084F84E9084F84F9084F84A3000F0F7
:1081100017FCBAF1030F059000F08881C0F3072225
:1081200084F85820020C84F85920C7F307223A4BF0
:1081300084F84720802284F8570084F85420000EE9
:10814000292284F85A0084F8562084F8467004F1F5
:108150005B0203F1120C4E2001E013F8010F02F84C
:10816000010B9C45F9D163895520AA22B3F5007F04
:1081700084F82E0284F82F2206D95B4403F8020CFF
:1081800063895B4403F8012C019A012359460020BE
:1081900003F038F9002852D1BAF1030F00F01F8123
:1081A00063895A1E5BB101325A445B46002003F8D2
:1081B000010B9342FBD1BAF1030F00F01B81174B67
:1081C000BAF1010F18BF6FF0FF032B43059384F83A
:1081D00030301B0E84F83330FF2384F8313084F8BC
:1081E00032300123424659460020984403F00AF9F0
:1081F00028BB62892AB15A445B4603F8010B9342BB
:10820000FBD101239F42059310D8C1E0CCD90020B7
:10821000E877010854770108247D010800FFFF007A
:10822000059B0133BB42059380F0B2804246012397
:1082300059460020984403F0E5F80028F0D00120CA
:1082400006E0039A40F6F4739A423FF603AF0E201D
:1082500007B0BDE8F08F0B2070470C2007B0BDE8D9
:10826000F08F0A2007B0BDE8F08F0320F0E73F232E
:108270003F39019369E64FF6F473994212D805F13C
:10828000010B09EB41015FFA8BF3CF1C0293B7FBA3
:10829000F9F74FF480434FF0020AB3FBF9F907EB0B
:1082A0000903A8E609EB8101C5F12103CF1D029363
:1082B000B7FBF9F74FF0030A3B464FF000099AE687
:1082C000002E3FF450AEB4F80A9072E6019B62892A
:1082D00000EB030C04F1300B3AB1303222445B4620
:1082E00003F8015B9342FBD104989C4A012384F874
:1082F000EF3184F8F031802384F8EE3194454FF06B
:10830000000384F8F13100F2D080954BA3FB0C23DD
:10831000ACEB030C03EB5C03DA0B5B0B84F8F5317D
:1083200042F03F0384F8F431BAF1030F00F0C38048
:10833000B0F5803F2CBF0623042384F8F231C0F34C
:10834000072384F8FB31030C84F8FC31FE2384F806
:10835000F3313F2384F8F6315523002284F8FA01E3
:1083600084F82E32000EAA2384F8FD0184F82F32FF
:1083700084F8F72184F8F82184F8F92101231046C4
:10838000594603F03FF800287FF459AFF82567E617
:10839000029BBAF1030F18BF1E46013E08F101050A
:1083A00055FA86F603E0B54200F08C80013542466E
:1083B00001235946002003F025F8A8460746002867
:1083C000F1D03CE7C3F3072284F8503084F8512001
:1083D0001A0C1B0E84F8522084F8533080E6019A60
:1083E00001230632594603F00DF863895A1E002B0B
:1083F0007FF4D9AEFF2384F8313084F8323084F82A
:10840000333084F8343084F8353084F8363084F8EA
:10841000373084F8383084F8393084F83A30F8232B
:1084200084F830300F2384F83B30DAE6C0F30722BB
:1084300084F87420020C84F87520C7F3072284F8AE
:1084400055203A0C84F856203A0E84F85720022220
:1084500084F85C20012284F860200622414B84F8D5
:108460006220802284F8730084F87020000E292294
:1084700084F8760084F8722084F8547084F85D9053
:1084800084F85E9084F85F9084F8619084F863903B
:1084900004F1770203F1120C4E2001E013F8010FF2
:1084A00002F8010B9C45F9D15DE6FF2384F8F43115
:1084B00084F8F53138E70C233FE74FF4004678E5C0
:1084C0000B465EE5BAF1030F08D0002211461046B4
:1084D00002F0DEFF003818BF0120B9E6FF2284F861
:1084E0001C2284F81D2284F81E2284F81F225222A6
:1084F000039B84F8302084F83120612284F83220F4
:1085000084F817224122013B84F8332084F8162294
:10851000722284F8142284F81522C3F3072284F807
:10852000183284F819221A0C1B0E84F81B325523BA
:1085300084F82E32AA2384F81A2284F82F32019C60
:10854000012322461A44594602F05CFF22460123C9
:1085500007325946384602F055FFB6E7FF03FB00E5
:108560005B561505387D01082DE9F0474F1E002F99
:1085700082B0814642DD002614460546B046236897
:10858000A188CDF8048023B11A7812B1DA888A4222
:1085900006D000232B703EBB002002B0BDE8F08760
:1085A000587802F0E5FE10F0010AF2D194F9063095
:1085B000A279002BEDDBD307EBD501AB01222946D5
:1085C0002046FDF755FF019B012BE2D12B780D2BA7
:1085D00006D00A2B06F1010605F1010208D0154666
:1085E000BE42CCDB00232B70484602B0BDE8F087CA
:1085F000484685F801A002B0BDE8F087002303706B
:10860000CAE700BF30B50A2883B005460C4611D032
:108610006CB12368A1888DF803500022019223B128
:108620001A7812B1DA888A4208D04FF0FF3528460E
:1086300003B030BD0D20FFF7E5FFE9E7587802F001
:1086400097FEC207F1D494F90630A279002BECDB37
:108650009307EAD501AB01220DF103012046FDF796
:1086600019FE019B002BE0D0284603B030BD00BFAF
:108670002DE9F041057882B0002D5ED00A2D074625
:108680000C4606464FF0000830D034B32368A28869
:108690008DF80350CDF8048023B1197811B1D98831
:1086A000914204D04FF0FF3002B0BDE8F08158781D
:1086B00002F05EFEC207F5D494F90630A279002BD1
:1086C000F0DB9307EED501AB01220DF1030120464B
:1086D000FDF7E0FD019B002BE4D0C7F101039819E1
:1086E00016F8015F002DDFD00A2DCED1002CF4D07A
:1086F0002368CDF804800D228DF80320A288002B7A
:10870000D0D019780029C3D0D9889142C0D15878E7
:1087100002F02EFEC007B9D494F90630A279002BDE
:10872000B4DB9107B2D501AB01220DF10301204664
:10873000FDF7B0FD2368A288AAE72846B4E700BF8A
:108740000EB42DE9F04F88B011AB4FF0000853F88C
:10875000045B02930646A94619F8017BBFB108F1F4
:108760000104252F04F1FF3829D00A2F15D0D6B1E6
:108770003368B1888DF80770002203922BB11A7804
:108780001AB1DA888A4200F09F804FF0FF384046E5
:1087900008B0BDE8F04F03B0704731460D20FFF739
:1087A00031FF002EE4D1A0464D46A946013419F808
:1087B000017B002FEBD0252F04F1FF38D5D169784C
:1087C00030297CD002354FF0000BA1F13002D3B23A
:1087D000092B4FF000030AD815F8011B03EB8303A4
:1087E00002EB4303A1F13002D0B20928F4D96C297D
:1087F00004BF15F8011B4BF0020B732900F08C80AD
:10880000632900F09180642979D075292FD05829E7
:10881000BDD14FF0100E029A111D029117684FF052
:1088200000028DF81F2004A80DF11F0C4FF00F0A55
:1088300003E077451ED392464F46B7FBFEF90EFB89
:108840001974E4B204F13001C9B2392984BF373454
:10885000E1B20CF8011D60450AF1FF32E9D1314661
:10886000FFF706FF804401307FF475AF8DE74FF0CE
:108870000A0ED0E71BF0040F11D1C3F10F0393428E
:108880001BDA1BF0010F14BF30242024811801E0F3
:108890009A4212D0013A01F8014DF9D1DFE7AAF16D
:1088A000020202F1200169442D2401F8104CC3F1A9
:1088B0000F03002AD3D09342E3DB1044CFE7A9781B
:1088C0004FF0010B033580E7587802F051FDC207E5
:1088D0003FF55BAF96F90630B279002BFFF655AF46
:1088E00093077FF552AF03AB01220DF1070130462C
:1088F000FDF7D0FC039B002B7FF455AF45E70299B1
:108900000A680431002A17460291BCBF57424BF057
:10891000040B4FF00A0E82E7029B31461A1D1868BD
:108920000292FFF7A5FE9DE7029B31461A1D1868CB
:108930000292FFF767FE01303FF427AFA04634E70D
:10894000002070477F2816D991B90E4A42F2AC0335
:1089500003E080290ED032F8023F98421FFA81FCD2
:1089600001F10101F5D10CF1800C1FFA8CF0704778
:10897000FF2801D900207047024B803833F81000DF
:10898000704700BF2878010807490022612303E0EF
:1089900031F8023F013233B19842F9D1034B03EB76
:1089A0004203B3F8E00270472879010828780108EB
:1089B000034B40F0BF6040F40030D860704700BF08
:1089C00000ED00E0C37823B3184B4178DA68837870
:1089D000D243C2F30222C2F1040C5FFA8CFC01FA0A
:1089E0000CF14FF00F0C4CFA02FCC9B2027810489F
:1089F00003EA0C030B4300EB020C1B01DBB2510931
:108A00008CF8003302F01F020123934040F821301C
:108A10007047037806485A09012103F01F032032EA
:108A200001FA03F340F82230704700BF00ED00E088
:108A300000E100E021F06041024B21F07F0108439A
:108A40009860704700ED00E021B1054B1A691043B2
:108A500018617047024A136923EA000313617047E3
:108A600000ED00E04FF0E022042813690CBF43F052
:108A7000040323F004031361704700BF0A4B0B4843
:108A80001A68002142F001021A6099601A6822F007
:108A9000847222F480321A6058601A6822F48022AC
:108AA0001A60D960704700BF0038024010300024BF
:108AB000024B00229A709870704700BF0038024045
:108AC00082B000230A4A0193136813F4003F019B0C
:108AD00003F101030193019B05D0054B1868C0F316
:108AE000404002B07047B3F5A06FEDD1F5E700BF8D
:108AF00000380240034A136823F0F80343EAC00039
:108B00001060704700380240014B1860704700BF8A
:108B100000004742084B0022012883F8702083F8A8
:108B2000702006D0042803D1052283F870207047F6
:108B3000704783F87000704700380240014BC3F85B
:108B4000800E70470000474210B4019C40EA046068
:108B500008435B0804495DF8044B40EA8210013B7E
:108B600040EA03404860704700380240014B1866F5
:108B7000704700BF00004742034B090741EA8011DC
:108B8000C3F88410704700BF00380240014B98665C
:108B9000704700BF00004742014BD864704700BFD8
:108BA00000004742034A936823F0EC630B431843E9
:108BB0009060704700380240034A936823F078437E
:108BC0000B4318439060704700380240034A936893
:108BD00023F0030318439060704700BF0038024041
:108BE000024B986800F00C00704700BF003802404C
:108BF000034A936823F0F00318439060704700BF66
:108C000000380240034A936823F4E053184390600D
:108C1000704700BF00380240034A936823F4604362
:108C200043EAC00090607047003802401E4A9368D3
:108C300003F00C03042B10B41BD0082B1BD01B4BD0
:108C4000194A036094681A49C4F303140C5DE340A5
:108C500043609468C4F382240C5D23FA04F48460B6
:108C600092685DF8044BC2F342328A5CD340C36021
:108C70007047104BE4E75368516813F4800F536852
:108C800014BF0C4A094AC3F3881301F03F01B2FB39
:108C9000F1F202FB03F3044A5268C2F301420132CB
:108CA0005200B3FBF2F3CBE7003802400024F4009B
:108CB000CC00002040787D0100F44073B3F5407F84
:108CC00009D108498A6820F0704323F4407322F4E4
:108CD000F81213438B60034B1A6FC0F30B00104361
:108CE0001867704700380240014BC3F83C0E7047CC
:108CF00000004742014BC3F8400E70470000474256
:108D0000014BC3F85C01704700004742044A136BF3
:108D100011B103431363704723EA000313637047E1
:108D200000380240044A536B11B103435363704748
:108D300023EA00035363704700380240044A936BF0
:108D400011B103439363704723EA000393637047B1
:108D500000380240044A136C11B103431364704796
:108D600023EA00031364704700380240044A536C3E
:108D700011B103435364704723EA000353647047FF
:108D800000380240044A136911B10343136170476C
:108D900023EA00031361704700380240044A536914
:108DA00011B103435361704723EA000353617047D5
:108DB00000380240044A936911B10343936170473C
:108DC00023EA00039361704700380240044A136AA3
:108DD00011B103431362704723EA00031362704723
:108DE00000380240044A536A11B10343536270478A
:108DF00023EA00035362704700380240044A136DAF
:108E000011B103431365704723EA000313657047EC
:108E100000380240044A536D11B103435365704753
:108E200023EA00035365704700380240044A936DFB
:108E300011B103439365704723EA000393657047BC
:108E400000380240044A136E11B1034313667047A1
:108E500023EA00031366704700380240044A536E49
:108E600011B103435366704723EA0003536670470A
:108E700000380240044A537B11B1034353737047D7
:108E800023EA000353737047003802404309012B63
:108E90000BD0022B094B0CBF1B6F5B6F00F01F0048
:108EA00023FA00F000F001007047044B1B6800F04B
:108EB0001F0023FA00F000F0010070470038024064
:108EC000024A536F43F08073536770470038024083
:108ED000034BDB68184214BF01200020704700BF1D
:108EE00000380240014B9873704700BF00380240C1
:108EF000044B054900221A605A609A60DA60596191
:108F0000704700BF003C0140FFFF7F00837943B3FF
:108F10001E4B01681A6822EA010210B41A605A68EE
:108F200022EA01025A60027902F1804202F59E3281
:108F30001468214311609968026821EA020199606E
:108F4000D96821EA0201D9604179102914D001F1D0
:108F5000804303F59E335DF8044B19680A431A6099
:108F600070470379016803F1804303F59E331A6863
:108F700022EA01021A60704799685DF8044B1143B8
:108F80009960D9680A43DA60704700BF003C01402D
:108F900000234FF44062036082808371704700BFFA
:108FA000024A136918431061704700BF003C01403A
:108FB000034B5B69034214BF01200020704700BFD0
:108FC000003C0140014B5861704700BF003C01402C
:108FD000054B1A685B69034004D0024214BF0120AC
:108FE0000020704718467047003C0140014B586113
:108FF000704700BF003C014008B53C4B984222D06E
:109000003B4B984229D03B4B984230D03A4B984248
:109010000FD03A4B984234D0394B98423BD0394B21
:10902000984242D0384B984255D0384B984246D05F
:1090300008BD01210820FFF7A5FEBDE8084000217A
:109040000820FFF79FBE01210846FFF79BFEBDE801
:10905000084000210120FFF795BE01210220FFF703
:1090600091FEBDE8084000210220FFF78BBE0121E0
:109070000420FFF787FEBDE8084000210420FFF729
:1090800081BE01211020FFF77DFEBDE808400021D0
:109090001020FFF777BE01212020FFF773FEBDE807
:1090A000084000212020FFF76DBE01214020FFF77E
:1090B00069FEBDE8084000214020FFF763BE0121A2
:1090C0004FF48070FFF75EFEBDE8084000214FF4CA
:1090D0008070FFF757BE01218020FFF753FEBDE8E7
:1090E000084000218020FFF74DBE00BF0000024075
:1090F0000004024000080240000C02400010024040
:109100000014024000180240001C024000200240EF
:1091100000222DE9F04713460D684FF0010E03269B
:1091200004E00133102B02F1020239D00EFA03FCE5
:109130003CEA0504F5D1076806FA02F427EA0407B9
:1091400007600F79D0F800A007FA02F9013F49EA59
:109150000A09012FA046C0F800906FEA040411D854
:1091600087683C4084604C79876894403C438460C5
:10917000446824EA0C0444608C7947689C40A4B29B
:109180003C434460C46824EA0804C460CC79C768DE
:10919000944001333C43102BC46002F10202C5D15C
:1091A000BDE8F0874FF6FF720023C0E90023704747
:1091B00082B04FF480330193019B0B430193019BD9
:1091C000C361C161019BC361C3690193C369019319
:1091D00002B070470369194214BF01200020704794
:1091E000006980B2704700BF4369194214BF012073
:1091F00000207047406980B2704700BF018370470C
:10920000418370470AB1018370474183704700BFB3
:10921000416170474369594041617047CB0800EB99
:10922000830001F00701036A89004FF00F0C0CFA6C
:1092300001FC23EA0C030362036A8A401A430262B8
:10924000704700BF08B5604B984233D0B0F1804FF3
:109250003AD05E4B984241D05D4B984220D05D4B56
:10926000984245D05C4B98424CD05C4B984253D0CE
:109270005B4B984266D05B4B984257D05A4B984212
:109280006AD05A4B984273D0594B98427CD0594B74
:10929000984200F08380584B984200F0898008BDC6
:1092A00001210420FFF792FDBDE8084000210420C1
:1092B000FFF78CBD01210846FFF794FDBDE808408B
:1092C00000210120FFF78EBD01210846FFF77EFD3A
:1092D000BDE8084000210120FFF778BD01210220F0
:1092E000FFF774FDBDE8084000210220FFF76EBDC6
:1092F00001210820FFF76AFDBDE808400021082091
:10930000FFF764BD01211020FFF760FDBDE80840B4
:1093100000211020FFF75ABD01212020FFF756FD44
:10932000BDE8084000212020FFF750BD01214FF487
:109330008030FFF757FDBDE8084000214FF4803032
:10934000FFF750BD01210220FFF74CFDBDE80840AA
:1093500000210220FFF746BD01214FF40030FFF746
:1093600041FDBDE8084000214FF40030FFF73ABD51
:1093700001214FF48020FFF735FDBDE808400021B2
:109380004FF48020FFF72EBD01214020FFF71EFD86
:10939000BDE8084000214020FFF718BD01218020D2
:1093A000FFF714FDBDE8084000218020FFF70EBD47
:1093B00001214FF48070FFF709FDBDE8084000214E
:1093C0004FF48070FFF702BD000001400004004030
:1093D00000080040000C0040001000400014004055
:1093E00000040140004001400044014000480140A9
:1093F00000180040001C004000200040234A038861
:1094000090429BB212D002F5806290420ED0B0F131
:10941000804F0BD0A2F58032904207D002F58062D7
:10942000904203D002F58062904203D14A8823F033
:1094300070031343164A90421BD002F5806290429B
:1094400017D0B1F808C023F440739BB243EA0C0371
:1094500002F56C4210B490424C6803800B88C462E1
:1094600003850ED18B7A038601235DF8044B83823A
:10947000704703800B884A68C26203850123838298
:109480007047044B9842EDD0EEE700BF000001406A
:10949000001000400004014000234FF0FF32C0E9FB
:1094A000003203818372704701858282704700BF5A
:1094B000038823F070031B041B0C194301807047C1
:1094C00041627047C1627047406A7047008D80B248
:1094D000704700BF038821B19BB243F002030380B1
:1094E000704723F002031B041B0C0380704700BF6E
:1094F000038821B19BB243F004030380704723F03B
:1095000004031B041B0C0380704700BF038821B1B8
:109510009BB243F080030380704723F080031B0459
:109520001B0C0380704700BF038823F008031B0453
:109530001B0C038003889BB219430180704700BF56
:10954000038823F440731B041B0C038003889BB225
:1095500019430180704700BF038821B19BB243F0DB
:1095600001030380704723F001031B041B0C0380DD
:10957000704700BF038C23F001031B041B0C038402
:10958000038CB0F804C0028B10B54C88B1F80CE025
:1095900022F073024EEA040E12040C8823F0020338
:1095A000120C1B042243144C1B0C43EA0E03A04272
:1095B0001FFA8CFC9BB20AD004F58064A04206D04E
:1095C0008968A0F804C002834163038410BDCC897C
:1095D000B1F810E023F0080323434C8A2CF4407CBC
:1095E0004EEA040E8C8823F004034CEA0E0C1FFA9A
:1095F0008CFC2343E4E700BF00000140038C23F010
:1096000010031B041B0C0384038CB0F804C0028BF2
:1096100010B54C88B1F80CE022F4E6424EEA040E94
:1096200012040C8823F02003120C42EA04221B04CB
:10963000174C1B0C43EA0E13A0421FFA8CFC9BB282
:1096400092B20AD004F58064A04206D08968A0F8DE
:1096500004C002838163038410BDCC89B1F810E09B
:1096600023F0800343EA04134C8A2CF4406C4EEA46
:10967000040E4CEA8E0C8C884FF6BF7E03EA0E0E69
:109680004EEA041E1FFA8CFC1FFA8EF3DEE700BFC1
:1096900000000140038C23F480731B041B0C038423
:1096A000038CB0F804C0828B10B54C88B1F80CE084
:1096B00022F073024EEA040E12040C8823F40073A5
:1096C000120C1B042243174C1B0C43EA0E23A0422E
:1096D0001FFA8CFC9BB20AD004F58064A04206D02D
:1096E0008968A0F804C08283C163038410BDCC895B
:1096F000B1F810E023F4006343EA04234C8A2CF40D
:10970000405C4EEA040E4CEA0E1C8C884FF6FF3E7D
:1097100003EA0E0E4EEA042E1FFA8CFC1FFA8EF39B
:10972000DEE700BF00000140038C23F480531B04DC
:109730001B0C0384038CB0F804C0828B10B54C88DA
:10974000B1F80CE022F4E6424EEA040E12040C8852
:1097500023F40053120C42EA04221B040E4C1B0C8F
:1097600043EA0E33A0421FFA8CFC9BB292B20AD09D
:1097700004F58064A04206D08968A0F804C0828302
:109780000164038410BD0C8A2CF4804C4CEA841CC8
:109790001FFA8CFCF0E700BF000001400023C0E985
:1097A0000233036083800361704700BF038C4FF076
:1097B000010C0CFA01FC9BB210B423EA0C0321F05B
:1097C000080400F1180C03849CB10439C1F34E0164
:1097D00048F6FF7051F80C305DF8044B034041F837
:1097E0000C30120251F80C3092B21A4341F80C209E
:1097F000704749084FF68F7051F80C305DF8044BF4
:10980000034041F80C3051F80C30134341F80C3050
:10981000704700BF4163704781637047C163704701
:1098200001647047038B23F070031B041B0C194366
:1098300001837047038B23F4E0431B041B0C43EAB2
:10984000012189B201837047838B23F070031B04CD
:109850001B0C194381837047838B23F4E0431B0463
:109860001B0C43EA012189B281837047038B23F0EB
:1098700008031B041B0C194301837047038B23F45B
:1098800000631B041B0C43EA012189B2018370476A
:10989000838B23F008031B041B0C1943818370473F
:1098A000838B23F400631B041B0C43EA012189B260
:1098B00081837047038B23F004031B041B0C1943A3
:1098C00001837047038B23F480631B041B0C43EA62
:1098D000012189B201837047838B23F004031B04A9
:1098E0001B0C194381837047838B23F480631B0413
:1098F0001B0C43EA012189B281837047038B23F05B
:1099000080031B041B0C194301837047038BC3F3B3
:109910000E0343EA012189B201837047838B23F050
:1099200080031B041B0C194381837047838BC3F393
:109930000E0343EA012189B281837047038C23F02F
:1099400002031B041B0C194301847047038C23F092
:1099500008031B041B0C194301847047038C23F07C
:1099600020031B041B0C43EA011189B201847047D8
:10997000038C23F080031B041B0C43EA011189B202
:1099800001847047038C23F400731B041B0C43EA0F
:10999000012189B201847047038C23F400631B0406
:1099A0001B0C43EA012189B201847047038C23F424
:1099B00000531B041B0C43EA013189B20184704738
:1099C000038C4FF0010C9BB20CFA01FC23EA0C0350
:1099D0000384038C8A401A4392B20284704700BF0A
:1099E000038C4FF0040C9BB20CFA01FC23EA0C032D
:1099F0000384038C8A401A4392B20284704700BFEA
:109A00000B8810B543BB028CB1F802C08B88B1F84B
:109A100008E0C98822F001021204120C0284028BB1
:109A200092B222F0F302134343EA0E13028C9BB26C
:109A3000038393B223F00A034CEA030343F00103C8
:109A40000384038B23F00C031B041B0C0383038B85
:109A50009BB21943018310BD042B31D0082B5DD07C
:109A6000028CB1F808C08B884C88C98822F48052D7
:109A70001204120C0284B0F81CE0028C4FEA0C3C79
:109A80004CEA032C45F6FF73134040F6FF4243EACD
:109A9000043302EA0E029BB242EA0C0243F4805302
:109AA00092B282830384838B23F440631B041B0CD8
:109AB0008383838B9BB243EA01239BB2838310BDD4
:109AC000B1F804C00B894A88C9884FEA0C2C4CEACB
:109AD000033C038C23F010031B041B0C0384048B36
:109AE000038C9BB223F0A00343EA021340F6FF422B
:109AF00022409BB242EA0C0243F0100392B202836E
:109B00000384038B23F440631B041B0C0383038B2C
:109B10009BB243EA01239BB2038310BD038CB1F8CF
:109B200002C08A880C89C98823F480731B041B0C2B
:109B30000384838B9BB223F0F3031A43038C9BB201
:109B400023F4206343EA0C2342EA04129BB243F459
:109B5000807392B282830384838B23F00C031B04F3
:109B60001B0C8383838B9BB21943818310BD00BF81
:109B700000230122038043808280C38003817047D9
:109B800070B54C888D880B88012DB4FA84F24FEAA9
:109B900052120CBF4FF0020C4FF0010C002B49D1B8
:109BA000038CB1F808E0C98823F001031B041B0CE7
:109BB0000384038B9BB223F0F3032B4343EA0E137E
:109BC000058C9BB20383ABB223F00A03234343F01B
:109BD00001030384038B23F00C031B041B0C03837E
:109BE000038B9BB20B430383038C23F010031B04F2
:109BF0001B0C0384048B038C9BB223F0A00343EA69
:109C0000421340F6FF42224042EA0E3292B243F043
:109C1000100342EA0C2202830384038B23F4406383
:109C20001B041B0C0383038B9BB243EA01239BB2EF
:109C3000038370BD038CB1F808E0C98823F01003DA
:109C40001B041B0C0384068B038C9BB223F0A00324
:109C500043EA04132D0240F6FF4445EA0E35344032
:109C60009BB22C4343F01003A4B204830384038B00
:109C700023F440631B041B0C0383038B9BB243EA56
:109C800001239BB20383038C23F001031B041B0CF1
:109C90000384038B048C9BB223F0F30343EA0E137B
:109CA0009BB243EA0C030383A3B223F00A0343EA03
:109CB000420343F001030384038B23F00C031B04D2
:109CC0001B0C0383038B9BB21943018370BD00BF40
:109CD000406B7047806B7047C06B7047006C70477B
:109CE000038B23F00C031B041B0C0383038B9BB21D
:109CF00019430183704700BF038B23F440631B04A7
:109D00001B0C0383038B9BB243EA012189B20183BD
:109D1000704700BF838B23F00C031B041B0C838351
:109D2000838B9BB219438183704700BF838B23F4DD
:109D300040631B041B0C8383838B9BB243EA01218A
:109D400089B28183704700BFB1F802C00B888A884E
:109D500043EA0C03B1F806C013430A8943EA0C0333
:109D6000B1F80AC013438A8943EA0C0313439BB238
:109D7000A0F84430704700BF0023038043808380F5
:109D8000C380038143818381704700BFB0F84430B2
:109D900039B16FEA43436FEA53439BB2A0F84430B2
:109DA0007047C3F30E03A0F844307047838821B195
:109DB0009BB243F004038380704723F004031B0429
:109DC0001B0C8380704700BF838821B19BB243F096
:109DD00001038380704723F001031B041B0C838065
:109DE000704700BF83899BB212B10B4383817047D8
:109DF00023EA01038381704781827047038A1942F5
:109E000014BF012000207047C94389B20182704706
:109E1000038A828911EA030092B203D00A4214BF76
:109E200001200020704700BFC94389B201827047FA
:109E30000A43A0F84820704783899BB212B11943A6
:109E40008181704723EA010383817047838821B1B0
:109E50009BB243F008038380704723F008031B0480
:109E60001B0C8380704700BF038923F007031B048A
:109E70001B0C0381704700BF038923F070031B0490
:109E80001B0C1943018103899BB243F00703038133
:109E9000704700BF602900B5B0F820C02BD02CF06F
:109EA000010C4FEA0C4C4FEA1C4CA0F820C0B0F853
:109EB00018C01FFA8CFC2CF0F30C4CEA03139BB275
:109EC000B0F820C043F0010303831FFA8CF323F0A2
:109ED0000A031A4342F001020284038923F070034B
:109EE0001B041B0C1943018103899BB243F0070338
:109EF00003815DF804FB2CF0100C4FEA0C4C4FEA88
:109F00001C4CA0F820C0B0F818E0B0F820C01FFA30
:109F10008CFC2CF0A00C4CEA021240F6FF4C0CEA30
:109F20000E0C4CEA033392B29BB242F0100243F49F
:109F3000807303830284D0E7B0F808C042EA0323A9
:109F400019435FFA8CFC4CEA010C1FFA8CFCA0F858
:109F500008C0038923F077031B041B0C43F077032D
:109F600003817047B0F808C042EA032319435FFA3F
:109F70008CFC4CEA010C1FFA8CFCA0F808C0038989
:109F80009BB243F480430381704700BF038923F0F1
:109F900070031B041B0C194301817047838823F055
:109FA00070031B041B0C838083889BB21943818040
:109FB000704700BF038923F007031B041B0C0381B8
:109FC00003899BB219430181704700BF038923F0C5
:109FD00080031B041B0C038103899BB2194301817D
:109FE000704700BFB0F808C011435FFA8CFC41EA2B
:109FF00003234CEA030C1FFA8CFCA0F808C070473E
:10A00000B0F808C02CF0070C4FEA0C4C4FEA1C4C7F
:10A010004CEA0101B0F818C000B5B0F820E00181A9
:10A020002CF4407121F003012EF0220C09044FEAB8
:10A030000C4C42EA0313090C4FEA1C4C4CEA030C8B
:10A0400041F4807141F001011FFA8CFC0183A0F8FA
:10A0500020C05DF804FB00BF838821B19BB243F0B0
:10A0600080038380704723F080031B041B0C8380D4
:10A07000704700BFA0F85010704700BF08B52B4BC9
:10A0800098421BD02A4B984222D02A4B98422BD080
:10A09000294B984206D0294B984231D0284B984200
:10A0A0003AD008BD01214FF40020FEF78FFEBDE835
:10A0B000084000214FF40020FEF788BE0121102047
:10A0C000FEF790FEBDE8084000211020FEF78ABE92
:10A0D00001214FF40030FEF779FEBDE80840002171
:10A0E0004FF40030FEF772BE01214FF48020FEF7DE
:10A0F0006DFEBDE8084000214FF48020FEF766BEEB
:10A1000001214FF48010FEF761FEBDE808400021F8
:10A110004FF48010FEF75ABE01212020FEF762FEA8
:10A12000BDE8084000212020FEF75CBE0010014081
:10A130000044004000480040004C004000500040F7
:10A1400000140140038ACA889BB223F4405330B5FF
:10A1500013430D46898903828289AB880446288986
:10A1600022F4B0520343688922F00C020343120424
:10A17000120C9BB21343A381A38A9BB223F44073B6
:10A180000B4385B0A3826846FEF750FD1C4B9C42F2
:10A1900005D003F580639C4201D0029B00E0039B45
:10A1A000A289184812F4004F2A68A58903EB83039B
:10A1B00014BF5200920003EB8303B3FBF2F3A0FB46
:10A1C000032149094FF0640C0A010CFB11332904E7
:10A1D0000AD41B013233A0FB0303C3F3431313431D
:10A1E0009BB2238105B030BDDB003233A0FB0303FB
:10A1F000C3F3421313439BB2238105B030BD00BFAC
:10A20000001001401F85EB5100234FF416514FF40D
:10A210004022C0E900138260838170470B88B1F847
:10A2200004C0028A00B5B1F802E0C98843EA0E030F
:10A2300043EA0C0392B20B4322F470629BB21343C5
:10A2400003825DF804FB00BF00230380438083800A
:10A25000C3807047838921B19BB243F4005383814B
:10A26000704723F400531B041B0C8381704700BF0D
:10A27000038B03F47F430383038B9BB21943018356
:10A28000704700BF838931B16FEA43436FEA53439C
:10A290009BB283817047C3F30E038381704700BF75
:10A2A000838A21B19BB243F400638382704723F415
:10A2B00000631B041B0C8382704700BFC1F30801BD
:10A2C000818070478088C0F308007047038A23F0BC
:10A2D0000F031B041B0C0382038A9BB219430182E8
:10A2E000704700BF838921B19BB243F00203838191
:10A2F000704723F002031B041B0C8381704700BFCF
:10A30000838923F400631B041B0C838183899BB224
:10A3100019438181704700BF038A23F020031B0487
:10A320001B0C0382038A9BB219430182704700BF52
:10A33000038A21B19BB243F480430382704723F424
:10A3400080431B041B0C0382704700BF83899BB2B0
:10A3500043F0010383817047838A21B19BB243F0AC
:10A3600008038382704723F008031B041B0C8382BD
:10A37000704700BF038BDBB20383038B9BB243EABE
:10A3800001210183704700BF838A21B19BB243F052
:10A3900020038382704723F020031B041B0C83825D
:10A3A000704700BF838A21B19BB243F010038382C0
:10A3B000704723F010031B041B0C8382704700BFFF
:10A3C000838A23F004031B041B0C8382838A9BB2C1
:10A3D00019438182704700BF838A21B19BB243F049
:10A3E00002038382704723F002031B041B0C838249
:10A3F000704700BF838A9BB212B10B4383827047C0
:10A4000023EA01038382704701F01F0CC1F342115C
:10A410000123012903FA0CF30DD002290CBF1030DF
:10A4200014301AB10268134303607047026822EACD
:10A430000303036070470C30F3E700BF0388194241
:10A4400014BF012000207047C94389B201807047C2
:10A45000C1F3421201F01F0C0123012A03FA0CF38D
:10A4600012D0022A0CBF028A828A92B2134002885A
:10A4700092B23BB1090A01238B401A4214BF01205A
:10A480000020704718467047828992B21340EEE769
:10A49000090A01238B40DB439BB20380704700BF56
:10A4A000D0F8AC340121002219729A72704700BFB3
:10A4B000D0F8AC34012100225972DA72704700BF23
:10A4C0002DE9F041DDF81880144605460E461F467A
:10A4D000F6F78AFD0020F6F7FDFD4FF0807323604C
:10A4E000012323774023A3714FF4807323842179C0
:10A4F000284600F067FB6179284600F063FB0A4BB1
:10A50000E7670022C4F880803146C5F8AC341A8170
:10A51000284601F0C1FFD4F880301B6898472846D0
:10A52000BDE8F041F6F7B4BDDC00002038B54FF0CF
:10A53000807201230C460A600B7740224FF480732F
:10A540008A710B840546097900F03CFB6179284645
:10A5500000F038FB002038BD0B1F012B10B504465E
:10A560000AD9062900D010BDD0F880300C22027024
:10A57000BDE810401B681847D0F880305B6C9847E6
:10A580000C23237010BD00BF70B50B7F0022013B70
:10A590000C4605468A740A2B23D8DFE803F011190C
:10A5A000242D394A57606C7D06008B7B0133DBB26A
:10A5B000022B8B7300F2A08001230B77002070BD6B
:10A5C0004A79143100F040FB02232377002070BD4C
:10A5D000497901F09FFF012800F09480032800F0E2
:10A5E0008580002070BD0B790A7B896800F06CFBC8
:10A5F00004232377002070BD097901F08BFF012827
:10A6000000F09780042861D163782370002070BD2A
:10A610004B7900EB431191F8C52282F0010281F8D9
:10A62000C522227BA16800F029FB062323770020A6
:10A6300070BD497901F06EFF012876D00428E3D07F
:10A64000022830D105232377002070BD00220B792A
:10A65000114600F039FB08232377002070BD0979EB
:10A6600001F058FF01280646CED003281ED10B2347
:10A670002377002070BD4B7900EB431191F8C52280
:10A6800082F0010281F8C5220022114600F0F6FA9C
:10A690000A232377002070BD497901F03BFF012890
:10A6A000B2D002281ED003289BD1E0E7284601F053
:10A6B0002DFF254B228A1B88801A9842D7D8042E5A
:10A6C0008FD163782370A674032070BD0328CED089
:10A6D000284601F01BFF1C4B228A1B88801A9842D7
:10A6E000C5D87EE709232377002070BD0B22052300
:10A6F0002277A374002070BD4B780B7008228A74F7
:10A70000022070BD628B237DB2B113F0800F41F245
:10A7100088320CBF052103210B4B217728461A8074
:10A7200001F0F4FE2082002070BD07232377002073
:10A7300070BD09232377CBE713F0800F4FF032026F
:10A740000CBF07210921E7E7D4DB002070B594B0E6
:10A750000B7802220C4605468DF80F200C2B29D8C9
:10A76000DFE813F058006200680028002800280085
:10A77000A800B800C600C300DB0028000D000123BC
:10A7800040224FF0807123774FF48073A2712384AD
:10A790002160217900F016FA6179284600F012FA5A
:10A7A000D4F880305B689847E36F04F120015B6860
:10A7B00028469847284601F0A5FE48BBD5F8AC349A
:10A7C000DB7A2BBBD4F880301B699847D5F8AC24D2
:10A7D0000123D3724FF08071402223774FF48073AE
:10A7E000A271238421602846217900F0EBF9617978
:10A7F000284600F0E7F9D4F880305B689847E36FAB
:10A800005B6804F12001284614B0BDE87040184789
:10A8100014B070BD01F076FE0028CBD0284600F0C1
:10A82000DDF902232370C5E701F066FE0028C1D1DF
:10A830002070BFE7D1F880309B689847D5F8AC34DA
:10A840000122002159729A72284600F09DF9802158
:10A850006071284600F098F92071284601F04CFEFE
:10A8600006460028A6D1D4F88030DB6898472846F1
:10A8700001F03CFE06232370C0B2D4F8803084F887
:10A8800021009B699847A27994F82130CDE90062B4
:10A89000284694F82020217900F02EF9A27994F826
:10A8A0002130CDE90062284694F82020617900F03B
:10A8B00023F97FE78B78092B3FF67CAFDFE813F0B5
:10A8C0004D00A8008500E100CE00C300B70079006C
:10A8D0006F003F00CB6F9B6898478DF80F009DF885
:10A8E0000F3053B90823237064E7FFF74DFE61E78B
:10A8F000CB6FDB6898478DF80F009DF80F301A1F5B
:10A90000012ADBB222D9062B7FF454AFD4F8803071
:10A910000C2222701B6898474CE7D1F880309B6B63
:10A92000984701287FF446AFE36F21461B6828460D
:10A93000984700287FF43EAF072323703AE7D1F809
:10A9400080305B6B98470A23237033E7D4F880305C
:10A950005B6C98470C2323702CE7082200F044FA24
:10A96000064600287FF426AF94F82930A3712846C4
:10A9700001F0C2FDA2790123A370CDE90062334644
:10A9800061793246284600F0DFF8A379CDE900630B
:10A99000324621793346284600F0D6F80AE791F886
:10A9A000392000F059FB00287FF404AF0923A3707D
:10A9B00000E791F83220002A7CD1D1F880304D4850
:10A9C0001B6B98470823A370F4E6012200F03AFBC2
:10A9D000064600287FF4EEAED4F88030012284F8D9
:10A9E00020201B6A9847032194F82020A170CDE90C
:10A9F000006633462179284600F0A6F894F8202016
:10AA000061793346CDE90066284600F09DF8D1E62D
:10AA1000122200F0E9F900287FF4CCAED4F880309F
:10AA200004F12200DB6998470223A370C2E691F883
:10AA30003120002A4ED1D1F880302E48DB6A984769
:10AA40000723A370B6E691F830201ABBD1F8803006
:10AA500028489B6A98470623A370ABE6CA8E00F08D
:10AA60001FFA00287FF4A6AED4F8803004F150021B
:10AA70005B6A04F13E0104F1340098470523A3709A
:10AA800098E6092200F00CFA00287FF493AE042324
:10AA9000A3708FE6FF23009304AB00F08DFA00282B
:10AAA0007FF488AED4F8803004A89B6A98470623C8
:10AAB000A3707FE6FF23009304AB00F07DFA00282B
:10AAC0007FF478AED4F8803004A81B6B9847082335
:10AAD000A3706FE6FF23009304AB00F06DFA00282B
:10AAE0007FF468AED4F8803004A8DB6A9847072367
:10AAF000A3705FE64C7D010810B500EB410C9DF89A
:10AB00000840BCF88CE400EB411C8CF8B142BDF865
:10AB10000C40ACF8B2420EF07F04CEF3C01E8CF8AD
:10AB2000AEE24FF0000E8CF8AC228CF8AF328CF80D
:10AB3000AD42ACF8C4E213B901238CF8B03201F095
:10AB4000EDFA002010BD00BF10B5BDF80C401AB1E1
:10AB500000EB411C8CF8AC224A0100EB020CBCF863
:10AB6000B2E2A64500D05CB9024492F8AF429C42E2
:10AB700002D00BB182F8AF3201F0D0FA002010BD44
:10AB8000ACF8B242F0E700BF00B500F28A42002301
:10AB900032F902CFBCF1000F5FFA83FE07DA01330E
:10ABA000082BF5D14FF0FF0E70465DF804FB00EB6B
:10ABB00043006FEA41416FEA5141A0F88C1470469E
:10ABC0005DF804FB072907D800EB4101B1F88C348C
:10ABD000C3F30E03A1F88C34002070470023C0F8A3
:10ABE0009034C0F89434C0F898341846704700BFC9
:10ABF00070B50C46497916461D4601F08BFCE1788C
:10AC000001290AD0022905D1012811D0032813D027
:10AC1000042814D00121084670BD237863700923ED
:10AC2000237002232177E370A660A581084670BDDA
:10AC3000E0700021084670BD0123E370EBE70123BB
:10AC4000E3700321E7E700BF10B500EB421C0C46A0
:10AC500002F10D0100EB4113114600228CF8AE22E7
:10AC60004FF0030E0822C3F8184183F814E1CCF822
:10AC7000BC2201F05FFCC0B210BD00BF03F10D0C9F
:10AC800038B500EB431E00EB4C1400258EF8AE5295
:10AC9000C4F81811CEF8BC2272B19EF8C522521B1E
:10ACA00018BF0122520000EB4C1C19468CF81421ED
:10ACB00001F040FC002038BD00EB4312012182F876
:10ACC000C5120222EFE700BF10B500EB431C03F1F1
:10ACD0000D0E00EB4E1E0C46194601238CF8AE32C9
:10ACE0000223CEF818418EF81431CCF8BC2201F0C2
:10ACF00021FC002010BD00BF70B503F10D0E00EB6C
:10AD0000431500EB4E1E00240E4685F8AE42CEF8E9
:10AD10001861194695F8C532C5F8BC221B1B18BF2F
:10AD200001235B008EF8143101F004FC204670BD55
:10AD300038B503F10D0E00EB431400EB4E1E0D462B
:10AD40001946012384F8AE32CEF8185194F8C43273
:10AD5000C4F8BC22003B18BF01235B008EF81431FD
:10AD600001F0E8FB002038BD38B503F10D0E00EB13
:10AD7000431400EB4E1E0D461946012384F8AE32F3
:10AD8000CEF8185194F8C432C4F8BC221A1E18BF69
:10AD90000122520083F001038EF8142184F8C4329A
:10ADA00001F0C8FB002038BD70B503F10D0E00EBBB
:10ADB000431500EB4E1E00240E4685F8AE42CEF839
:10ADC0001861194695F8C432C5F8BC221A1B18BF81
:10ADD0000122520083F001038EF8142185F8C43259
:10ADE00001F0A8FB204670BDF8B54FF0000C2B4ECB
:10ADF0004A83174613464E61A1F818C000F58872C1
:10AE00000C460546FFF7F4FE00B1F8BD95F8103189
:10AE100084F8223095F8113184F8233095F8132105
:10AE200095F8123103EB0223A38495F8143184F8CA
:10AE3000263095F8153184F8273095F8163184F8C6
:10AE4000283095F8173184F82930082FDDD995F886
:10AE5000192195F8183103EB0223638595F81B211E
:10AE600095F81A3103EB0223A38595F81D2195F877
:10AE70001C3103EB0223E38595F81E3184F8303052
:10AE800095F81F3184F8313095F8203184F832304C
:10AE900095F8213184F83330F8BD00BF80060001F9
:10AEA000444B2DE9F0414B6100F5887400231746AF
:10AEB0004A830B83134622460D460646FFF798FE4B
:10AEC00008B1BDE8F08196F8103185F8343096F875
:10AED000113185F8353096F8132196F8123103EBCD
:10AEE0000223EB8696F8141185F8381096F8153180
:10AEF00085F8393096F8163185F83A3096F81731DA
:10AF000085F83B3096F8183185F83C30092FD8D9B0
:10AF10000229D6D805F13E0C024650358A42D0DAD5
:10AF200023781C446378042BF8D102EBC203267803
:10AF30000CF80360634466785E70A6789E70E678CD
:10AF4000DE7026791E7167795F71A7799F71E77945
:10AF5000DF71277A1F72022E01D90132DEE7002E3F
:10AF6000FBD0002327783C446778052F1ED1277833
:10AF700005F8337005EBC30794F801E087F801E0AA
:10AF800094F802E087F802E094F803E087F803E021
:10AF900094F8058094F804E00EEB082EA7F804E07E
:10AFA00094F806E087F806E001335BB2B342D9DBE0
:10AFB000D3E700BF80060002F8B51C46BDF8186054
:10AFC0004E834FF4D06342F4407200F588778B8251
:10AFD00040F20943CA820B833A4633460546FFF7DF
:10AFE00007FE00B1F8BD95F81131032BFAD195F8A1
:10AFF0001021023AB242A8BF324692B242B1014693
:10B000007B18023189B29B7804F8013B8A42F7D859
:10B0100000232370F8BD00BF62F07F020A7506228C
:10B020004A7503F47F42B2F5407FCB8240F2094378
:10B0300018BF00230B83BDF80430009A4B83FFF741
:10B04000D7BD00BF4FF4A0638B820023CA828B61FF
:10B050001A46FFF7CDBD00BF4FF410638B8200236B
:10B06000CA828B611A46FFF7C3BD00BF163300EBDF
:10B07000431310B40A834FF0000C12064FF481748E
:10B080004C61A1F81AC04CBF83F804C083F805C016
:10B0900000235DF8044B1A46FFF7AABD014B0020C0
:10B0A000187070475CE0002038B50D4C617805469B
:10B0B00061B9217801B938BD284601F065F92178D8
:10B0C0002846FFF77FFD0023237038BD01F05CF9AF
:10B0D00061782846FFF776FD00236370E9E700BF3B
:10B0E000D8DB0020F0B591F84330082B83B00C4634
:10B0F00006D0D4F880301B6C9847002003B0F0BD18
:10B1000091F84530502BF4D191F952201E4E91F810
:10B110005230002AB4BFF370B37091F95A30B1F8CD
:10B120005420B4BFB280F280002B91F85A10B4F8CA
:10B130005C30054624DBB170F3802846FFF724FD20
:10B14000F17870702846FFF71FFD0227F3880193FE
:10B15000009794F8213094F82020717830702846B8
:10B16000FFF7CAFCB388019394F8213094F82020AB
:10B17000317800972846FFF7BFFC002003B0F0BDF0
:10B18000F170B380B178D8E7D8DB0020F0B583B098
:10B1900005460C4601F0B6F958B15D4E33780A2BDE
:10B1A00007D8DFE803F06658352A766C8024190B3F
:10B1B0000900012003B0F0BD0420FBE76379002201
:10B1C00021462846FFF752FF0028F3D1514A7378F1
:10B1D00082F848003370EDE7D4F88030DB6B984795
:10B1E00010F0FF006FD1082333700120E2E72846FA
:10B1F000214600F0A5FB0120DCE7284600F06CF9B1
:10B20000002857D1434B0422327083F84B00D1E71A
:10B21000404F4FF6A1624FF48033C4E9052328461E
:10B22000012307F108022146FFF7E2FC00284FD175
:10B230003B7A87F84830002B66D097F84A30002BCD
:10B2400062D1D4F88030019001221B6C87F84A202B
:10B2500098470198AEE700234FF62172C4E9052311
:10B2600021461A462846FFF7C3FCC0BB02233370B1
:10B27000A0E7284600F0FEFA012030709AE7284641
:10B2800000F0AEF9B0B9234B0822327083F84B00BE
:10B2900090E7284600F05CF960B91E4B0522327039
:10B2A00083F84B0086E7284600F0E2F910B973787E
:10B2B00033707FE7012819D002287FF47AAF0A2380
:10B2C0003370012076E701287FF473AF062071E721
:10B2D00003287FF46FAF40F2093333806AE7032815
:10B2E0007FF468AF40F20923338063E7094A92F89C
:10B2F0004B300133DBB2092B82F84B30DFD8012011
:10B3000006233370F07055E70323337052E700BF14
:10B310005CE00020D8DB0020012802D0022809D000
:10B320007047094A92F84B300133DBB2092B82F89F
:10B330004B3003D9054B0A221A707047034B062283
:10B340001A70D870704700BFD8DB00205CE0002086
:10B3500008B5054801F0D6F8044B18B11A7802F088
:10B36000FE021A70187808BD040E0020F8000020B4
:10B3700018B9034B1878C0B270470120704700BF5E
:10B38000F80000202DE9F84358BB1E464BB31A4B7A
:10B390001C7814F0010420D118480F46904601F0A3
:10B3A000B1F8D8B1154DDFF85890760201E0032CC2
:10B3B0001BD1334642463946284600F0E9F9494652
:10B3C0000446284600F0BCFA284601F09BF8002805
:10B3D000EDD101242046BDE8F88303242046BDE8D2
:10B3E000F88304242046BDE8F883003C18BF0124FC
:10B3F0002046BDE8F88300BFF8000020040E0020BE
:10B40000800D00202DE9F84358BB1D464BB31D4B62
:10B4100017461A78D20728D41C7814F0040428D1CF
:10B4200019480E4601F06EF8C0B1DFF85C80DFF815
:10B430005C906D0201E0032C1FD12B463A46314649
:10B44000404600F05DF949460446404600F078FA6F
:10B45000404601F057F80028EDD101242046BDE810
:10B46000F88304242046BDE8F88303242046BDE881
:10B47000F88302242046BDE8F883003C18BF01246D
:10B48000ECE700BFF8000020040E0020800D002033
:10B4900050B90F4B187810F0010016D1032903D8CA
:10B4A000DFE801F004060A0E0420704708467047E2
:10B4B000084B1B68136070474FF40073138070478C
:10B4C0004FF400731360012070470320704700BFE2
:10B4D000F80000202CDE002038B501F013F828B168
:10B4E000184CE378012B0CD0022B01D0032038BD7F
:10B4F000E07B18B1012822D00228F7D10123E370A4
:10B5000038BD114D1149A1600623AB733F230022C2
:10B51000A3810323A370AA602A7305F1200305F118
:10B52000100103F8012D8B42FBD101230320EA73A4
:10B530002371072202232270E073E37038BDE070AC
:10B5400038BD00BF5CE000203CE0002070E000203F
:10B5500038B500F0D7FF28B11E4CE378012B0CD092
:10B56000022B01D0032038BDE07B28B301282FD067
:10B570000228F7D10123E37038BD174D174AA260A6
:10B5800008218023A9602B730A210423A973A370C7
:10B5900005F1100105F12003002203F8012D8B4273
:10B5A000FBD1252303200121EB7307220223217104
:10B5B0002270E073E37038BD084B1A6812BAC3F802
:10B5C0000022DA8852BA0121A3F80822E17038BDBE
:10B5D000E07038BD5CE000203CE000202CDC002066
:10B5E00038B500F08FFF28B11E4CE378012B0CD04A
:10B5F000022B01D0032038BDE07B40B301282ED0C0
:10B600000228F7D10123E37038BD174D174AA26015
:10B610003F218023A9602B730A210523A973A370FE
:10B6200005F1100105F12003002203F8012D8B42E2
:10B63000FBD13F231A220320EA7301216B74EB74C0
:10B640000722022321712270E073E37038BD074A9C
:10B650009378DB09012182F80C32E17038BDE0708B
:10B6600038BD00BF5CE000203CE000202CDC002066
:10B6700038B500F047FF28B11E4CE378012B0CD001
:10B68000022B01D0032038BDE07B48B301282FD026
:10B690000228F7D10123E37038BD174DA27817496E
:10B6A000A1603F23AB6080232B730A23AB73062377
:10B6B0006270A37005F1100105F12003002203F868
:10B6C000012D8B42FBD13F2303202A74EB7401210F
:10B6D00007220223E87321712270E073E37038BD02
:10B6E000064A13681BBA0121C2F80432E17038BD62
:10B6F000E07038BD5CE000203CE000202CDC002045
:10B70000F8B50E4615461C4600F0FCFE28B11E4F4B
:10B71000FB78012B0CD0022B01D00320F8BDF87B65
:10B7200018B101282DD00228F7D10123FB70F8BDF4
:10B73000BE60164E0A220023B273B460337306F162
:10B74000200106F1100201F8013D9142FBD12A23AC
:10B75000F373C5F307637374C5F30743B374C5F399
:10B760000723F374630AF3750123C4F347440320EA
:10B770003B7107220223B47535753A70F873FB707C
:10B78000F8BDF8700320F8BD5CE000203CE000202C
:10B790002DE9F843DFF8D4801D46032307460E4603
:10B7A000144688F8003000F0ADFE70B1DFF8C090AC
:10B7B00099F80330012B0DD0022B06D199F80F60B8
:10B7C000DEB3012E46D0022E3BD098F80060304602
:10B7D000BDE8F8832448C9F80860802303730A236E
:10B7E0008373856000F1200100F11002002301F84D
:10B7F000013D9142FBD12823C373C4F30763437413
:10B80000C4F3074383746B0A03260475C375C4F33A
:10B810000724C5F34745012107220223C474857517
:10B8200088F8006089F80F6089F8041089F8002012
:10B8300089F803303046BDE8F883384600F062FEF0
:10B8400028B1012389F8033088F80060BFE799F830
:10B850000F60B6E7384600F055FE10B999F80F6052
:10B86000B1E789F80360B0E73CE00020F900002070
:10B870005CE0002010B500F045FE084B40B1084CDC
:10B880000848C3E9004000210122597383F82320AE
:10B89000054900220A701A6310BD00BF3CE0002079
:10B8A000555342435040302023DC002008B582B17C
:10B8B000012A0CD10A4A53789278FFF7D7FB094A3C
:10B8C000136B0133052B136328BF042008BD01202F
:10B8D000F5E7034A1378D278FFF7C8FBEFE700BF1C
:10B8E000D8DB00203CE0002010B5044600F00AFE42
:10B8F00020B9104B012083F82F0010BD0E4B2046BD
:10B90000197800F00BFE0D280A4B03D0022083F8B3
:10B910002F0010BD094A596B9142F7D1996B5A68B3
:10B920009142E7D193F840000028E4D00228E1D109
:10B93000E1E700BF3CE00020D8DB00205553425334
:10B940002DE9F04106460C4600F0DCFDF8B1904DC3
:10B9500095F82430013B072B19D8DFE803F01A25AE
:10B960003854678191048B4A214653789278304647
:10B97000FFF77CFB2B6B0133042B2B6300F29980C8
:10B98000002840F0938095F8253085F82430BDE8F4
:10B99000F081804B7E495B781F223046FFF7ACF97F
:10B9A0004FF48173AB84F2E77A4B3046597800F05C
:10B9B000B1FD012800F081800228E4D00428E6D1FE
:10B9C0000122082385F84C2085F82430DFE7714CEC
:10B9D0003046217800F09EFD012804D095F82530EE
:10B9E000032B00F0AC806A6C00270323402A2F63EE
:10B9F00085F8253000F29680002A40F0AA800523C1
:10BA000085F82430C3E7634C3046617800F082FD4E
:10BA1000012865D0022800F0A4800428B7D10122B3
:10BA20004FF4A16385F84C20AB84B0E75A49A96272
:10BA300005223F2385F82520AB85002201F10D0367
:10BA400003F801299942FBD1524B85F834201B7829
:10BA500030463F22FFF76CF9062385F8243096E73D
:10BA60004C4B3046197800F055FD01284AD0042887
:10BA70008DD10022072385F84C2085F8243086E7F5
:10BA8000444A21461378D2783046FFF7EFFA2B6B01
:10BA90000133042B2B630CD840B995F84C30022BA2
:10BAA0007FF471AF082385F8243070E704287FF411
:10BAB0006EAF022385F82F3069E7AB68287B002141
:10BAC0000222296385F82520002B98D0AA6AC5E9AF
:10BAD000113203064CBF0323042385F8243056E7B4
:10BAE0006A6C00270423402A2F6385F8253041D84B
:10BAF000002A84D06378A96C92B23046FFF7FCF834
:10BB00006F6444E7002295F822302A63214605221B
:10BB1000304685F8252085F82030FFF7E5FE85F8CA
:10BB20002F0034E72378A96C40223046FFF700F954
:10BB3000D5E91123403A4033C5E9112327E704280A
:10BB40007FF425AF002240F2075385F84C20AB84E8
:10BB50001DE72378A96C92B23046FFF7E9F86F64CD
:10BB600015E7A96C637830464022BDE8F0414039C2
:10BB7000FFF7C2B86378A96C40223046FFF7BCF8E3
:10BB8000D5E911324032403BC5E91132FFE600BF32
:10BB90003CE00020D8DB002070E0002030B50546F6
:10BBA00083B0002303200193F5F7B0FAEB68144C3F
:10BBB0001A69019206E0F5F7A9FAEB68013C1A69E7
:10BBC00001921BD0019A002A4FF00300F3DA019989
:10BBD0000B4A41F001010191019919611969019123
:10BBE00003E019690191013A02D00199C907F8D41B
:10BBF000032003B0BDE83040F5F788BA03B030BD8C
:10BC0000400D030030B4C4786CB900EB82020333FA
:10BC1000D2F8D0509A1006D02346013351F8040BC5
:10BC200028609A42F9D1002030BC7047033210B529
:10BC30005FEAA20ED0F8D0400AD08C460023013330
:10BC400022684CF8042B9E45F9D101EB8E0010BD03
:10BC5000084610BD012240239142F0B54280838006
:10BC600052D000293DD04478067800214FF400637B
:10BC7000C0E90313002C5BD04FF460654FF4886E6D
:10BC80004FF4806700F1140303EB840C01F510629C
:10BC900043F8042F02F500746345DC6302F12002CF
:10BCA000F6D14761C0F8CCE0BEB100F18C0301F5DC
:10BCB000A062B40003EB860C43F8042F9C4502F10C
:10BCC0002002F9D100F1CC0301F58052191943F893
:10BCD000042F994202F58052F9D1C0F80C5100208E
:10BCE000F0BD4FF4A06340F20C62C380144B02809D
:10BCF000144DDFF868E0144F144AC17206240C2674
:10BD00001946C0E90332BDE702234FF481644FF4C2
:10BD1000A07203724FF0A043C1720480C2800C4D28
:10BD2000DFF83CE00B4F0C4A042408261946E8E7EC
:10BD300021464FF460654FF4886E4FF48067B0E79A
:10BD400000000440000E04400004044000080440C9
:10BD5000000E005000040050000800504004044051
:10BD60004004005038B5037A012B04461BD1C26849
:10BD7000417A956B6FF3104591B163F31455956358
:10BD8000D36823F4940323F0D80343F01003D36063
:10BD90002046FFF703FFE378012B2ED0002038BDAB
:10BDA000C5F30053E9E7C268D36843F04003D360AA
:10BDB000FFF7F4FE237A627AE168A3F10303B3FA92
:10BDC00083F35B09003A4FEA430318BF012243F0B3
:10BDD0002D0343EA0213002563F317458D631420F6
:10BDE000F5F796F9217AE2680329D36812D0D36077
:10BDF000E378012BD2D1E16802E0E1682A238B606D
:10BE00008B6823F03E0242F02A0262F307038B6044
:10BE1000002038BD43F48033D360156B0A4B03EA2E
:10BE2000154343F4A15343F00D0363F31F4515631A
:10BE3000C820F5F76DF9E36845F400051D63C820D7
:10BE4000F5F766F9D4E700BF00E3FFFF03460020E3
:10BE5000DA68936843F0010393607047034600205B
:10BE6000DA68936823F001039360704700B583B0EC
:10BE700000230193019B43F020030193019B61F395
:10BE80008A130193C168019B0B610A69084B0192F7
:10BE900003E00A690192013B02D0019A9206F8D4AC
:10BEA0000320F5F733F9002003B05DF804FB00BF71
:10BEB000400D030000B583B000230193019B43F0C4
:10BEC00010030193C168019B0B610A69084B019241
:10BED00003E00A690192013B02D0019AD206F8D42C
:10BEE0000320F5F713F9002003B05DF804FB00BF51
:10BEF000400D030010B5C468E368C3F3076222F085
:10BF00006002012962F31F6308D009B943F080433E
:10BF10003220E360F5F7FCF8002010BD43F0005339
:10BF2000F6E700BFC368586900F00100704700BF22
:10BF3000C3685869C04300F001007047C36858697E
:10BF400000F00100704700BFC36858699B69184042
:10BF5000704700BFC3685868704700BF436998685E
:10BF6000C04300F00100704738B505460C46F5F7B0
:10BF7000A7F8D5F8CC20136823F02E0161F307034E
:10BF8000D90409D51CB9194664F30C311160BDE818
:10BF90003840C820F5F7BCB8012CF8D143F48051E3
:10BFA0001160BDE83840C820F5F7B2B810B4C368D6
:10BFB0000B494FF0FF3200249C615A615A605A616C
:10BFC0009961C178074A9869B1FA81F1490942EA51
:10BFD000011202439A6120465DF8044B704700BF8E
:10BFE000000800800800202330B5044683B0F5F730
:10BFF00071F8D4F80C216369002111601A680120DE
:10C0000060F301021A601A6861F382021A60E37A2F
:10C01000E168834206D1294A294B802048628A621E
:10C02000C1F8003100230193019B43F020030193E9
:10C03000019A244B102060F38A120192019A0A613E
:10C040000A69019203E00A690192013B02D0019A58
:10C050009006F8D40320F5F759F800230093009BCD
:10C06000E16843F010030093009B0B610A69154BD4
:10C07000009203E00A690092013B02D0009AD206C6
:10C08000F8D40320F5F742F8217861B104F18C036C
:10C0900003EB81014FF0FF35002053F8042F8B4252
:10C0A0009560D060F9D101212046FFF75DFF204661
:10C0B000FFF77CFF002003B030BD00BF80006000B0
:10C0C000E0006000400D03004269136861F3010362
:10C0D00013607047D0F8CC30186820F02E0363F35B
:10C0E0000700704743695869704700BF38B5054677
:10C0F0000A20D5F8CC301C6824F02E0444F4807457
:10C100001C60F5F705F8D5F8CC306FF3082414203F
:10C110001C60F4F7FDFF012038BD00BF70B500EBD7
:10C1200081034FF0FF32D3F89040A260C27800EB59
:10C130004115A2F10102B2FA82F295F8B1C2520998
:10C14000002362F382034A01BCF1030F6CD8DFE8DD
:10C150000CF0025B024D43F49365861845F001052F
:10C1600065F30F0396F8AE52002D4AD196F8B062EF
:10C1700043F040030EB143F0200305F0010E456982
:10C18000E360AE6901238B4002443343C068AB6176
:10C19000836943F00073836192F8AD12B2F8B23252
:10C1A00001F00F01C3F30A0343EAC12392F8AF126F
:10C1B00092F8AC22A1F10201B1FA81F143EACE3347
:10C1C000490943EA41430CF00301ACF1030C43EA93
:10C1D000814302F07F02BCFA8CFC43EA82534FEAAF
:10C1E0005C1C43EA4C732360002070BD851843F447
:10C1F000D36695F8AE5246F0010666F30F03002DA4
:10C20000BBD043F48073B8E7851843F4087695F8FB
:10C21000AE5246F0010666F30F03002DADD043F495
:10C22000C07666F30F03A8E7851895F8AE52A4E729
:10C2300000EB41122DE9F043D2F8BC324FEA411C29
:10C24000DBB1B2F8B242013B2344B3FBF4F39DB23D
:10C25000B5F5807F67D92402C2F8BC4200EB0C021E
:10C260004FF4807392F8AE621D4676B1B2F8B242D6
:10C2700005FB04F4C2F8BC4209E001231D4600EBB3
:10C280000C0292F8AE62002EF0D1D2F8BC4201F15D
:10C290000D0700EB4718C4F3120242EAC34300EB58
:10C2A000810198F81421D1F8905002F0030243EA7A
:10C2B00042732B6190F803E0BEF1010F1ED0D0F85D
:10C2C00014802A68D8F80830DB4303F001035B01CF
:10C2D000C2F3046963F07F0343EA090363F31F6257
:10C2E00056EA0E0E2A601BD1D4B184449CF8B132B8
:10C2F000032B27D8DFE803F01A3A1A3AD8F81821A6
:10C3000043696A612A689B68DB4303F001035B01B0
:10C31000C2F3046163F07F030B4363F31F622A607F
:10C320000020BDE8F083C3F30903A8E7C568EA6A03
:10C33000E31CC3F38F0392B29A4203D2AB6943F07A
:10C340002003AB61A4B200EB47100334A410D0F873
:10C350001821D1F8D000E3D00023013352F8041B98
:10C3600001609C42F9D10020BDE8F083D8F810208C
:10C37000E31C92B2C3F38F039A42E3D2C26893697B
:10C3800043F080639361DDE700EB8101D1F8901009
:10C390000B68C3F305629C4662F03F021CF4802FD9
:10C3A00062F31F6309D04269126912F47F0F01D151
:10C3B0006FF3DF730B6000207047C268D26A12F41B
:10C3C0007F0FF7D16FF3DF73F4E700BF00EB81015C
:10C3D000064BD1F8902013611368C3F3056161F037
:10C3E0007F0161F31F630020136070470000088025
:10C3F00010B5436900214FF0FF3299615A6103780B
:10C4000082B004466BB100F18C02214802EB830C30
:10C4100052F8041F0B68034043F0804362450B60F1
:10C42000F6D100230193019BE16843F010030193CF
:10C43000019B0B610A69174B019203E00A690192A3
:10C44000013B02D0019AD006F8D40320F4F75EFE37
:10C4500000230093009B43F020030093009BE168BE
:10C46000102262F38A130093009B0B610A69094B47
:10C47000009203E00A690092013B02D0009A920602
:10C48000F8D4032002B0BDE81040F4F73FBE00BF6F
:10C49000FF7FFF3F400D0300002210B51346044606
:10C4A000C0F8102204EB830CE01801330F2BCCF8FA
:10C4B0001422CCF8502280F88C22F3D10823A4F85F
:10C4C000B2322046FFF7C6FB2046FFF7C7FC2046E6
:10C4D000FFF748FC01212046FFF70CFD2046FFF73F
:10C4E00083FD2046FFF7B2FC002010BDD0F8CC3011
:10C4F0001868C0F34140704708B5FFF7F7FD00200A
:10C5000008BD00BFD0F81002704700BF43699868AB
:10C5100080B27047014491F89B027047943150F803
:10C5200021007047014491F88C02704708B5FFF76D
:10C53000F5FD08BD08B500EB010C00EB411300222E
:10C540008CF89B22C3F8C022FFF772FE08BD00BF23
:10C5500080B584B000AF78600023FB600023BB602F
:10C560007868FFF7EBFC0346002B71D07868FFF783
:10C57000EBFC0346BB60BB68002B01D1002368E0E5
:10C580003B7A03F00803DBB2002B06D0786800F09A
:10C59000ABF80246FB681343FB603B7A03F01003E1
:10C5A000DBB2002B06D0786801F05CF80246FB682D
:10C5B0001343FB603B7A03F02003DBB2002B06D071
:10C5C000786800F0C5F80246FB681343FB60FB7A0D
:10C5D00003F00403DBB2002B06D0786800F07CF98E
:10C5E0000246FB681343FB60FB7A03F00203DBB2F5
:10C5F000002B06D0786800F031F80246FB68134340
:10C60000FB60FB7A03F00103DBB2002B06D07868F5
:10C6100000F026FA0246FB681343FB60FB7A03F046
:10C620002003DBB2002B06D0786800F073F80246D6
:10C63000FB681343FB60BB7A03F02003DBB2002BE3
:10C6400006D0786801F0E0F80246FB681343FB600F
:10C65000FB6818461037BD4680BD00BF80B586B068
:10C6600000AF786000237B6100233B617868FFF7AF
:10C6700039FD0346FB6000237B612AE0BB891A4633
:10C680007B6942FA03F303F00103002B1ED07A68A2
:10C690007B6922339B0013449B681B68BB607B7AD9
:10C6A00023F07F03DBB2002B08D07969786800F0B3
:10C6B00001FD02463B6913433B6107E079697868F5
:10C6C00000F080FA02463B6913433B617B6901330A
:10C6D0007B617B681B781A467B699342CED33B69AA
:10C6E00018461837BD4680BD80B485B000AF78606D
:10C6F0000023FB603B7B43F008033B737B68DB68F4
:10C70000FA685A61012318461437BD465DF8047B68
:10C71000704700BF80B584B000AF78607B680022AE
:10C72000C3F810220023FB607B68D3F8AC341B688D
:10C7300078689847FB7B43F02003FB737B68DB68DA
:10C74000FA685A61012318461037BD4680BD00BF04
:10C7500080B586B000AF78607B68DB68DB6AFB6021
:10C76000FB7BC3F34113DBB27A685B01134403F52F
:10C770002F731B6803339B08FB8296E0BB899B00E9
:10C78000BB82BA8AFB7BC3F34113DBB279685B01DE
:10C790000B4403F52F731B689A4219D9FB7BC3F333
:10C7A0004113DBB27A685B01134403F52F731B68F6
:10C7B000BB8200233B613B7C43F020033B747B68DE
:10C7C000DB6899693B69DA437B68DB680A409A61F8
:10C7D000FB7BC3F34113DBB27A685B01134403F5BF
:10C7E0002F731B6803339B08FB82FB7BC3F341134E
:10C7F000DBB27A680D335B01134403F58C7319685F
:10C80000FB7BC3F34113DBB21A46BB8A7868FFF7A0
:10C81000F9F9FB7BC3F34113DBB27A680D335B019B
:10C82000134403F58C731A68BB8AF97BC1F3411179
:10C83000C9B208461A44796800F10D035B010B4444
:10C8400003F58C731A60FB7BC3F34113DBB27A6888
:10C850005B01134403F52F731A68BB8AF97BC1F39C
:10C860004111C9B20846D21A796843010B4403F555
:10C870002F731A60FB7BC3F34113DBB27A685B0151
:10C88000134403F530731A68BB8AF97BC1F3411175
:10C89000C9B208461A44796843010B4403F5307362
:10C8A0001A607B68DB68DB6AFB60BB89FA8A9A42A4
:10C8B0000CD2FB7BC3F34113DBB27A685B011344F8
:10C8C00003F52F731B68002B7FF458AF0123184624
:10C8D0001837BD4680BD00BF80B586B000AF786018
:10C8E0007B685B691B69FB60FB7BC3F34113DBB2B5
:10C8F0007A685B01134403F52F731B6803339B08AD
:10C90000FB8296E0BB899B00BB82BA8AFB7BC3F3A8
:10C910004113DBB279685B010B4403F52F731B688D
:10C920009A4219D9FB7BC3F34113DBB27A685B01EE
:10C93000134403F52F731B68BB8200233B61FB7C10
:10C9400043F00403FB747B68DB6899693B69DA4355
:10C950007B68DB680A409A61FB7BC3F34113DBB25F
:10C960007A685B01134403F52F731B6803339B083C
:10C97000FB82FB7BC3F34113DBB27A680D335B01AF
:10C98000134403F58C731968FB7BC3F34113DBB2CB
:10C990001A46BB8A7868FFF735F9FB7BC3F341136E
:10C9A000DBB27A680D335B01134403F58C731A68AC
:10C9B000BB8AF97BC1F34111C9B208461A447968B0
:10C9C00000F10D035B010B4403F58C731A60FB7BD4
:10C9D000C3F34113DBB27A685B01134403F52F7391
:10C9E0001A68BB8AF97BC1F34111C9B20846D21A51
:10C9F000796843010B4403F52F731A60FB7BC3F383
:10CA00004113DBB27A685B01134403F530731A6893
:10CA1000BB8AF97BC1F34111C9B208461A4479684F
:10CA200043010B4403F530731A607B685B691B6933
:10CA3000FB60BB89FA8A9A420CD2FB7BC3F3411399
:10CA4000DBB27A685B01134403F52F731B68002B7C
:10CA50007FF458AF012318461837BD4680BD00BF8C
:10CA600080B588B000AF78600023FB610023BB6114
:10CA70000023FB6000237B6100233B617B68D3F8CC
:10CA8000CC301B687B617B68D3F8CC301B683B6182
:10CA90003B7C6FF382033B743B7C6FF341033B743D
:10CAA0003B7C6FF3C3033B743B7C6FF345133B74D8
:10CAB0003B7D03F00203DBB2002B0FD07B68D3F881
:10CAC000AC345B68786898473B7C43F002033B7466
:10CAD0000123FB61BB6943F00103BB613B7D03F0B4
:10CAE0000803DBB2002B4FD03B7C43F008033B74C0
:10CAF0003B7D03F00403DBB2002B45D07B680122B1
:10CB0000C3F81022BB7D03F00603DBB2042B05D073
:10CB1000BB7D03F00603DBB2022B31D17B685B697E
:10CB20001B68FB60BB7D03F00603DBB2042B15D151
:10CB30007B685B6941F270725A603B7B03F00303D0
:10CB4000DBB2022B1FD07B68DB7A012B03D10221E1
:10CB50007868FFF7B9FA0123FB6114E07B685B6931
:10CB60004BF680325A603B7B03F00303DBB2012BB0
:10CB700009D001217868FFF7A7FA0123FB6102E0E1
:10CB80000123FB6100E000BF3B7D03F02003DBB22B
:10CB9000002B07D03B7C43F020033B74BB6943F080
:10CBA0000103BB61FB69002B02D07868FFF79EFA96
:10CBB0007B68D3F8CC303A691A60BB6918462037D5
:10CBC000BD4680BD80B598B000AF786039607A68A6
:10CBD0003B6822339B0013449B68FB65FB6D9B689D
:10CBE000BB65FB6DDB687B65BA6D7B6D1340BB6518
:10CBF0007A683B6822339B0013449B681B683B6543
:10CC000097F8583003F00403DBB2002B21D0002347
:10CC1000FB6497F84C3043F0040387F84C30FA6C0F
:10CC2000FB6D9A607A683B6822339B0013449B68D3
:10CC3000DB68BB6497F8483043F0020387F848305C
:10CC40007A683B6822339B0013449B68BA6CDA60B5
:10CC50002BE297F8583003F02003DBB2002B0BD007
:10CC600000237B6497F8443043F0200387F8443076
:10CC70007A6CFB6D9A6018E297F8583003F0010364
:10CC8000DBB2002B35D07A683B6884339B001344B9
:10CC900000225A607A683B6822339B0013449B68E9
:10CCA000DB683B6497F8403043F0020387F840307C
:10CCB0007A683B6822339B0013449B683A6CDA60C5
:10CCC0003B68DBB219467868FFF75EFB0023FB6325
:10CCD00097F83C3043F0010387F83C30FA6BFB6D6A
:10CCE0009A607A683B68134403F5237301221A7033
:10CCF000DBE197F8583003F00803DBB2002B2ED0AD
:10CD00000023BB6397F8383043F0080387F83830C6
:10CD1000BA6BFB6D9A607A683B6822339B001344C0
:10CD20009B68DB687B6397F8343043F0020387F835
:10CD300034307A683B6822339B0013449B687A6BDB
:10CD4000DA603B68DBB219467868FFF71DFB7A684A
:10CD50003B68134403F5237305221A70A5E197F885
:10CD6000583003F01003DBB2002B35D07A683B68F3
:10CD700084339B00134400225A607A683B68223354
:10CD80009B0013449B68DB683B6397F8303043F0AB
:10CD9000020387F830307A683B6822339B001344E3
:10CDA0009B683A6BDA603B68DBB219467868FFF73C
:10CDB000EBFA0023FB6297F82C3043F0100387F85E
:10CDC0002C30FA6AFB6D9A607A683B68134403F56D
:10CDD000237303221A7068E197F8583023F07F0319
:10CDE000DBB2002B3BD07A683B6822339B001344B4
:10CDF0009B68DB68BB6297F8283043F0020387F832
:10CE000028307A683B6822339B0013449B68BA6AD7
:10CE1000DA603B68DBB219467868FFF7B5FA7A68E2
:10CE20003B6884339B0013445B685A1C79683B68F9
:10CE300084339B000B445A607A683B68134403F5C3
:10CE4000237306221A7000237B6297F8243043F084
:10CE5000800387F824307A6AFB6D9A6025E197F8A1
:10CE6000583003F04003DBB2002B33D07A683B68C4
:10CE700084339B00134400225A607A683B68223353
:10CE80009B0013449B68DB683B6297F8203043F0BB
:10CE9000020387F820307A683B6822339B001344F2
:10CEA0009B683A6ADA603B68DBB219467868FFF73C
:10CEB0006BFA0023FB613B7F43F040033B77FA6949
:10CEC000FB6D9A607A683B68134403F52373042270
:10CED0001A70EAE097F8593003F00403DBB2002B34
:10CEE00033D07A683B6822339B0013449B68DB682D
:10CEF000BB613B7E43F002033B767A683B6822339A
:10CF00009B0013449B68BA69DA603B68DBB2194640
:10CF10007868FFF739FA00237B613B7D43F010030B
:10CF20003B757A69FB6D9A607A683B68134403F538
:10CF3000237308221A7000233B617B7C43F00403B7
:10CF40007B743A69FB6D9A60AFE097F8583003F054
:10CF50000203DBB2002B00F0A8807A683B68223322
:10CF60009B0013449B68DB68FB603B7B6FF34103D2
:10CF70003B737A683B6822339B0013449B68FA68D2
:10CF8000DA607A683B68134403F523731B78DBB2DD
:10CF9000012B20D17A683B68134403F29B230122C2
:10CFA0001A7097F8523003F00C03DBB2082B73D1E0
:10CFB0007A683B6816335B01134405331B7883F0B2
:10CFC0000103D9B27A683B6816335B011344053319
:10CFD0000A461A7060E07A683B68134403F52373CD
:10CFE0001B78DBB2032B07D17A683B68134403F24A
:10CFF0009B2302221A704FE07A683B68134403F5C2
:10D0000023731B78DBB2042B16D17A683B685B0173
:10D01000134403F52C731B78012B05D13B68DBB25D
:10D0200019467868FFF7D2F97A683B68134403F22F
:10D030009B2302221A702FE07A683B68134403F5A1
:10D0400023731B78DBB2052B07D17A683B68134446
:10D0500003F29B2304221A701EE07A683B68134493
:10D0600003F523731B78DBB2062B15D17A683B6876
:10D0700084339B0013445B68032B0DD17A683B68B3
:10D08000134403F29B2303221A707A683B688433AB
:10D090009B00134400225A600023BB603B7A43F09C
:10D0A00002033B72BA68FB6D9A6001231846603731
:10D0B000BD4680BD80B59CB000AF786039607A68AD
:10D0C0003B6822339B0013449B68FB66FB6E9B68A6
:10D0D000BB66FB6EDB687B66BA6E7B6E1340BB661D
:10D0E0007A683B6822339B0013449B681B683B664D
:10D0F00000237B6697F8683003F00403DBB2002B53
:10D1000021D00023BB6597F8583043F0040387F81B
:10D110005830BA6DFB6E9A607A683B6822339B0088
:10D1200013449B68DB687B6597F8543043F0020337
:10D1300087F854307A683B6822339B0013449B681D
:10D140007A6DDA6099E097F8683003F02003DBB27B
:10D15000002B0BD000233B6597F8503043F02003A1
:10D1600087F850303A6DFB6E9A6086E097F8683029
:10D1700003F00803DBB2002B3FD07A683B68223310
:10D180009B0013449B68DB68FB6497F84C3043F0CA
:10D19000020387F84C307A683B6822339B001344C3
:10D1A0009B68FA6CDA607A683B68134403F5237372
:10D1B00005221A700023BB6497F8483043F010032F
:10D1C00087F84830BA6CFB6E9A6000237B6497F84E
:10D1D000443043F0080387F844307A6CFB6E9A6061
:10D1E00097F868306FF3041387F868303B68DBB258
:10D1F00019467868FFF7C8F83FE097F8693003F000
:10D200000403DBB2002B38D07A683B6822339B00E2
:10D2100013449B68DB683B6497F8403043F002039B
:10D2200087F840307A683B6822339B0013449B6840
:10D230003A6CDA603B68DBB219467868FFF7A4F80D
:10D240000023FB6397F83C3043F0100387F83C3031
:10D25000FA6BFB6E9A607A683B68134403F523739C
:10D2600008221A700023BB6397F8393043F0040397
:10D2700087F83930BA6BFB6E9A6097F8693003F023
:10D280000203DBB2002B27D07A683B6822339B0075
:10D2900013449B68DB687B6397F8343043F00203E8
:10D2A00087F834307A683B6822339B0013449B68CC
:10D2B0007A6BDA603B68DBB219467868FFF764F88E
:10D2C00000233B6397F8313043F0020387F8313095
:10D2D0003A6BFB6E9A60BFE197F8683003F0010388
:10D2E000DBB2002B00F09B807B68DB78012B17D131
:10D2F0007A683B6822339B0013449B681B69FB657B
:10D300007A683B685B01134403F52F731B68FA6D61
:10D31000C2F31202991A7B683A68943243F82210D9
:10D320007A683B68134403F5237301221A707A6804
:10D330003B6884339B00134400225A600023FB6245
:10D3400097F82C3043F0010387F82C30FA6AFB6E13
:10D350009A6097F8623003F00C03DBB2002B06D022
:10D3600097F8623003F00C03DBB2082B39D17A68EE
:10D370003B6822339B0013449B68DB68BB6297F8D1
:10D38000283043F0020387F828307A683B6822335C
:10D390009B0013449B68BA6ADA603B68DBB21946AB
:10D3A0007868FEF7F1FF00237B6297F8243043F0A2
:10D3B000100387F824307A6AFB6E9A607A683B68BB
:10D3C00016335B01134404331B7883F00103D9B295
:10D3D0007A683B6816335B01134404330A461A70BB
:10D3E0003AE197F8623003F00C03DBB20C2B40F00B
:10D3F000338197F8633043F0200387F863307A680D
:10D400003B6822339B0013449B683A6E1A607A682B
:10D410003B68134403F29B2301221A701CE197F826
:10D42000683003F00203DBB2002B7BD07A683B68E4
:10D4300022339B0013449B68DB683B6297F82030E3
:10D440006FF3410387F820307A683B6822339B00F2
:10D4500013449B683A6ADA607A683B68134403F5C0
:10D4600023731B78DBB2012B07D17A683B68134426
:10D4700003F29B2301221A704AE07A683B68134446
:10D4800003F523731B78DBB2052B07D17A683B6861
:10D49000134403F29B2304221A7039E07A683B6834
:10D4A000134403F523731B78DBB2062B08D07A688C
:10D4B0003B68134403F523731B78DBB2082B0ED1B2
:10D4C0007A683B6884339B00134400225A607A6870
:10D4D0003B68134403F29B2303221A7018E097F869
:10D4E000623003F00C03DBB20C2B11D17A683B687D
:10D4F00016335B01134404331B7883F00103D9B264
:10D500007A683B6816335B01134404330A461A7089
:10D510000023FB613B7F43F002033B77FA69FB6E1C
:10D520009A6099E097F8683023F07F03DBB2002B14
:10D5300037D07A683B6822339B0013449B68DB68D2
:10D54000BB613B7E43F002033B767A683B68223343
:10D550009B0013449B68BA69DA607A683B6884333D
:10D560009B0013445B685A1C79683B6884339B00BA
:10D570000B445A607A683B68134403F52373062210
:10D580001A703B68DBB219467868FEF7FDFE00238F
:10D590007B613B7D43F080033B757A69FB6E9A604B
:10D5A0005AE097F8683003F01003DBB2002B53D039
:10D5B00097F8623003F00C03DBB20C2B23D17A68AE
:10D5C0003B6822339B0013449B68DB683B613B7CD8
:10D5D00043F002033B747A683B6822339B00134498
:10D5E0009B683A69DA603B68DBB219467868FEF7F7
:10D5F000CBFE0023FB603B7B43F010033B73FA68D8
:10D60000FB6E9A6021E097F8623003F00C03DBB206
:10D61000002B06D097F8623003F00C03DBB2082B26
:10D6200013D197F8633043F0800387F8633097F89D
:10D6300063306FF3861387F863307A683B68223370
:10D640009B0013449B683A6E1A607A683B681344E7
:10D6500003F5237303221A70012318467037BD4661
:10D6600080BD00BF80B588B000AF78600023FB723A
:10D6700000237B613B7D43F010033B757B68DB68D7
:10D6800099697B69DA437B68DB680A409A617B6849
:10D69000DB681B6ABB613B7EC3F30303DBB2FB7237
:10D6A000FB7ADBB27A6822339B0013449B681B68C9
:10D6B000FB60BB7EC3F34303DBB2022B40F09080E0
:10D6C0003A8B47F6F07313409BB2002B00F08A8030
:10D6D000FB7ADBB27A680D335B01134403F58C737C
:10D6E0001B68002B7ED0FB7ADBB27A680D335B01BE
:10D6F000134403F58C7319683B8BC3F30A139BB275
:10D700001A467868FEF792FA3B7EC3F30303DBB256
:10D710007A680D335B01134403F58C731B683A8BF5
:10D72000C2F30A1292B211463A7EC2F30302D2B297
:10D7300010465A18796800F10D035B010B4403F59C
:10D740008C731A603B7EC3F30303DBB27A685B0120
:10D75000134403F530731B683A8BC2F30A1292B27A
:10D7600011463A7EC2F30302D2B210465A187968C3
:10D7700043010B4403F530731A60FB7ADBB27A681D
:10D780005B01134403F530731B68FB61FB7ADBB26A
:10D790001A467B689432F96943F82210FB7ADBB2AF
:10D7A0007A6822339B0013449B681B693B617A8A29
:10D7B00041F6F87313409BB2002B13D0FB7B43F070
:10D7C0008003FB73FB7B6FF38613FB73FB7ADBB287
:10D7D0007A6822339B0013449B68FA681A6001E060
:10D7E00000BF00E000BF3B7D43F010033B757B684A
:10D7F000DB6899697A697B68DB680A439A6101236F
:10D8000018462037BD4680BD80B485B000AF786033
:10D810007B68D3F890301B68BB60FB7A43F08003D1
:10D82000FB72FB7A43F04003FB727B68D3F89030C5
:10D83000BA681A600023FB60BB7B43F02003BB7314
:10D840007B68DB68FA685A61012318461437BD46C5
:10D850005DF8047B704700BF10F8012B11F8013B05
:10D86000012A28BF9A42F7D0D01A70470000000062
:10D8700001F0FF01102A2BDB10F0070F08D010F881
:10D88000013B013A8B422DD010F0070F42B3F6D185
:10D89000F0B441EA012141EA014122F007047FF09E
:10D8A00000070023F0E80256083C85EA010586EAF5
:10D8B000010685FA47F5A3FA87F586FA47F6A5FA31
:10D8C00087F68EB9EED1F0BC01F0FF0102F007023D
:10D8D00032B110F8013B013A83EA010313B1F8D1E8
:10D8E0000020704701387047002D06BF35460338C9
:10D8F000073815F0010F07D1013015F4807F02BF02
:10D90000013015F4C03F0130F0BC0138704700BF52
:10D91000034613F8012B002AFBD1181A013870476F
:10D9200070B54FF0FF0C4CF4E06C1CEA11541DBFB5
:10D930001CEA135594EA0C0F95EA0C0F00F0DEF880
:10D940002C4481EA030621EA4C5123EA4C5350EA65
:10D95000013518BF52EA033541F4801143F48013B6
:10D9600038D0A0FB02CE4FF00005E1FB02E506F047
:10D970000042E0FB03E54FF00006E1FB03569CF09C
:10D98000000F18BF4EF0010EA4F1FF04B6F5007FA2
:10D9900064F5407404D25FEA4E0E6D4146EB060614
:10D9A00042EAC62141EA55514FEAC52040EA5E509D
:10D9B0004FEACE2EB4F1FD0C88BFBCF5E06F1ED847
:10D9C000BEF1004F08BF5FEA500E50F1000041EB7E
:10D9D000045170BD06F0004646EA010140EA02002B
:10D9E00081EA0301B4EB5C04C2BFD4EB0C0541EA4D
:10D9F000045170BD41F480114FF0000E013C00F362
:10DA0000AB8014F1360FDEBF002001F0004170BD85
:10DA1000C4F10004203C35DA0C341BDC04F114049E
:10DA2000C4F1200500FA05F320FA04F001FA05F22A
:10DA300040EA020001F0004221F0004110EBD370F7
:10DA400021FA04F642EB06015EEA430E08BF20EA23
:10DA5000D37070BDC4F10C04C4F1200500FA04F3C6
:10DA600020FA05F001FA04F240EA020001F0004158
:10DA700010EBD37041F100015EEA430E08BF20EACB
:10DA8000D37070BDC4F1200500FA05F24EEA020E13
:10DA900020FA04F301FA05F243EA020321FA04F042
:10DAA00001F0004121FA04F220EA020000EBD370F9
:10DAB0005EEA430E08BF20EAD37070BD94F0000FF9
:10DAC0000FD101F00046400041EB010111F4801F2D
:10DAD00008BF013CF7D041EA060195F0000F18BFDE
:10DAE000704703F00046520043EB030313F4801F1A
:10DAF00008BF013DF7D043EA0603704794EA0C0FD4
:10DB00000CEA135518BF95EA0C0F0CD050EA4106E9
:10DB100018BF52EA4306D1D181EA030101F0004166
:10DB20004FF0000070BD50EA410606BF104619468E
:10DB300052EA430619D094EA0C0F02D150EA01369A
:10DB400013D195EA0C0F05D152EA03361CBF1046DB
:10DB500019460AD181EA030101F0004141F0FE417A
:10DB600041F470014FF0000070BD41F0FE4141F4FE
:10DB7000780170BD81F0004102E000BF83F00043F6
:10DB800030B54FEA41044FEA430594EA050F08BF58
:10DB900090EA020F1FBF54EA000C55EA020C7FEA1C
:10DBA000645C7FEA655C00F0E2804FEA5454D4EB99
:10DBB0005555B8BF6D420CDD2C4480EA020281EA63
:10DBC000030382EA000083EA010180EA020281EA9B
:10DBD0000303362D88BF30BD11F0004F4FEA0131ED
:10DBE0004FF4801C4CEA113102D0404261EB4101FC
:10DBF00013F0004F4FEA03334CEA133302D0524282
:10DC000063EB430394EA050F00F0A780A4F101043D
:10DC1000D5F1200E0DDB02FA0EFC22FA05F2801877
:10DC200041F1000103FA0EF2801843FA05F359415D
:10DC30000EE0A5F120050EF1200E012A03FA0EFCDC
:10DC400028BF4CF0020C43FA05F3C01851EBE37106
:10DC500001F0004507D54FF0000EDCF1000C7EEB23
:10DC600000006EEB0101B1F5801F1BD3B1F5001F61
:10DC70000CD349085FEA30004FEA3C0C04F1010480
:10DC80004FEA445212F5800F80F09A80BCF1004FA9
:10DC900008BF5FEA500C50F1000041EB045141EA2B
:10DCA000050130BD5FEA4C0C404141EB0101013CF4
:10DCB00028BFB1F5801FE9D291F0000F04BF0146E3
:10DCC0000020B1FA81F308BF2033A3F10B03B3F1B5
:10DCD00020020CDA0C3208DD02F1140CC2F10C0245
:10DCE00001FA0CF021FA02F10CE002F11402D8BFA3
:10DCF000C2F1200C01FA02F120FA0CFCDCBF41EA6F
:10DD00000C019040E41AA2BF01EB0451294330BD3D
:10DD10006FEA04041F3C1CDA0C340EDC04F114041A
:10DD2000C4F1200220FA04F001FA02F340EA0300F1
:10DD300021FA04F345EA030130BDC4F10C04C4F137
:10DD4000200220FA02F001FA04F340EA0300294617
:10DD500030BD21FA04F0294630BD94F0000F83F461
:10DD6000801306BF81F480110134013D4EE77FEA44
:10DD7000645C18BF7FEA655C29D094EA050F08BF90
:10DD800090EA020F05D054EA000C04BF1946104671
:10DD900030BD91EA030F1EBF0021002030BD5FEAB5
:10DDA000545C05D14000494128BF41F0004130BDDD
:10DDB00014F580043CBF01F5801130BD01F0004531
:10DDC00045F0FE4141F470014FF0000030BD7FEAA4
:10DDD000645C1ABF194610467FEA655C1CBF0B469F
:10DDE000024650EA013406BF52EA033591EA030FB6
:10DDF00041F4002130BD00BF90F0000F04BF0021AE
:10DE0000704730B54FF4806404F132044FF00005E0
:10DE10004FF0000150E700BF90F0000F04BF002159
:10DE2000704730B54FF4806404F1320410F00045BF
:10DE300048BF40424FF000013EE700BF42004FEABA
:10DE4000E2014FEA31014FEA02701FBF12F07F4337
:10DE500093F07F4F81F06051704732F07F4208BFEE
:10DE6000704793F07F4F04BF41F40021704730B5F5
:10DE70004FF4607401F0004521F000411CE700BF41
:10DE800050EA010208BF704730B54FF000050AE0C4
:10DE900050EA010208BF704730B511F0004502D5C5
:10DEA000404261EB41014FF4806404F132045FEAC7
:10DEB000915C3FF4D8AE4FF003025FEADC0C18BF70
:10DEC00003325FEADC0C18BF033202EBDC02C2F162
:10DED000200300FA03FC20FA02F001FA03FE40EAF4
:10DEE0000E0021FA02F11444BDE600BF70B54FF0F8
:10DEF000FF0C4CF4E06C1CEA11541DBF1CEA1355D6
:10DF000094EA0C0F95EA0C0F00F0DEF82C4481EA3D
:10DF1000030621EA4C5123EA4C5350EA013518BF5D
:10DF200052EA033541F4801143F4801338D0A0FB4A
:10DF300002CE4FF00005E1FB02E506F00042E0FBF7
:10DF400003E54FF00006E1FB03569CF0000F18BFFD
:10DF50004EF0010EA4F1FF04B6F5007F64F54074A5
:10DF600004D25FEA4E0E6D4146EB060642EAC62138
:10DF700041EA55514FEAC52040EA5E504FEACE2EA5
:10DF8000B4F1FD0C88BFBCF5E06F1ED8BEF1004FA8
:10DF900008BF5FEA500E50F1000041EB045170BD24
:10DFA00006F0004646EA010140EA020081EA030168
:10DFB000B4EB5C04C2BFD4EB0C0541EA045170BD64
:10DFC00041F480114FF0000E013C00F3AB8014F1DE
:10DFD000360FDEBF002001F0004170BDC4F1000427
:10DFE000203C35DA0C341BDC04F11404C4F12005A8
:10DFF00000FA05F320FA04F001FA05F240EA020003
:10E0000001F0004221F0004110EBD37021FA04F638
:10E0100042EB06015EEA430E08BF20EAD37070BDF2
:10E02000C4F10C04C4F1200500FA04F320FA05F051
:10E0300001FA04F240EA020001F0004110EBD37053
:10E0400041F100015EEA430E08BF20EAD37070BDC3
:10E05000C4F1200500FA05F24EEA020E20FA04F39C
:10E0600001FA05F243EA020321FA04F001F000414B
:10E0700021FA04F220EA020000EBD3705EEA430EBC
:10E0800008BF20EAD37070BD94F0000F0FD101F0EB
:10E090000046400041EB010111F4801F08BF013C24
:10E0A000F7D041EA060195F0000F18BF704703F062
:10E0B0000046520043EB030313F4801F08BF013DE9
:10E0C000F7D043EA0603704794EA0C0F0CEA1355A5
:10E0D00018BF95EA0C0F0CD050EA410618BF52EA5F
:10E0E0004306D1D181EA030101F000414FF0000065
:10E0F00070BD50EA410606BF1046194652EA430673
:10E1000019D094EA0C0F02D150EA013613D195EAE6
:10E110000C0F05D152EA03361CBF104619460AD12E
:10E1200081EA030101F0004141F0FE4141F4700138
:10E130004FF0000070BD41F0FE4141F4780170BD28
:10E1400070B54FF0FF0C4CF4E06C1CEA11541DBF8D
:10E150001CEA135594EA0C0F95EA0C0F00F0A7F88F
:10E16000A4EB050481EA030E52EA03354FEA0131BC
:10E1700000F088804FEA03334FF0805545EA1313CF
:10E1800043EA12634FEA022245EA111545EA106597
:10E190004FEA00260EF000419D4208BF964244F12E
:10E1A000FD0404F5407402D25B084FEA3202B61A4D
:10E1B00065EB03055B084FEA32024FF480104FF421
:10E1C000002CB6EB020E75EB030E22BFB61A754695
:10E1D00040EA0C005B084FEA3202B6EB020E75EB28
:10E1E000030E22BFB61A754640EA5C005B084FEA90
:10E1F0003202B6EB020E75EB030E22BFB61A75465D
:10E2000040EA9C005B084FEA3202B6EB020E75EB67
:10E21000030E22BFB61A754640EADC0055EA060E28
:10E2200018D04FEA051545EA16754FEA06164FEA6B
:10E23000C30343EA52734FEAC2025FEA1C1CC0D117
:10E2400011F4801F0BD141EA00014FF000004FF0A4
:10E25000004CB6E711F4801F04BF01430020B4F165
:10E26000FD0C88BFBCF5E06F3FF6AFAEB5EB030C1D
:10E2700004BFB6EB020C5FEA500C50F1000041EB1A
:10E28000045170BD0EF0004E4EEA113114EB5C04E7
:10E29000C2BFD4EB0C0541EA045170BD41F48011BA
:10E2A0004FF0000E013C90E645EA060E8DE60CEAC2
:10E2B000135594EA0C0F08BF95EA0C0F3FF43BAFDF
:10E2C00094EA0C0F0AD150EA01347FF434AF95EA96
:10E2D0000C0F7FF425AF104619462CE795EA0C0F7A
:10E2E00006D152EA03353FF4FDAE1046194622E747
:10E2F00050EA410618BF52EA43067FF4C5AE50EA21
:10E3000041047FF40DAF52EA43057FF4EBAE12E710
:10E310004FF0FF3C06E000BF4FF0010C02E000BFF1
:10E320004FF0010C4DF804CD4FEA410C7FEA6C5CD4
:10E330004FEA430C18BF7FEA6C5C1BD001B050EA77
:10E34000410C0CBF52EA430C91EA030F02BF90EA62
:10E35000020F0020704710F1000F91EA030F58BF21
:10E36000994208BF90422CBFD8176FEAE37040F083
:10E37000010070474FEA410C7FEA6C5C02D150EA21
:10E38000013C07D14FEA430C7FEA6C5CD6D152EADC
:10E39000033CD3D05DF8040B704700BF84461046A1
:10E3A00062468C461946634600E000BF01B5FFF7A0
:10E3B000B7FF002848BF10F1000F01BD4DF808ED70
:10E3C000FFF7F4FF0CBF012000205DF808FB00BF41
:10E3D0004DF808EDFFF7EAFF34BF012000205DF89B
:10E3E00008FB00BF4DF808EDFFF7E0FF94BF0120E8
:10E3F00000205DF808FB00BF4DF808EDFFF7CEFFE9
:10E4000094BF012000205DF808FB00BF4DF808ED27
:10E41000FFF7C4FF34BF012000205DF808FB00BFF8
:10E420004FEA410C7FEA6C5C02D150EA013C0AD110
:10E430004FEA430C7FEA6C5C02D152EA033C02D102
:10E440004FF0000070474FF0010070474FEA410263
:10E4500012F5001215D211D56FF47873B3EB625236
:10E4600012D94FEAC12343F0004343EA505311F05D
:10E47000004F23FA02F018BF404270474FF00000EF
:10E48000704750EA013005D111F0004008BF6FF02D
:10E49000004070474FF00000704700BF53B94AB9C1
:10E4A000002908BF00281CBF4FF0FF314FF0FF309C
:10E4B00000F070B9ADF1080C6DE904CE00F006F87B
:10E4C000DDF804E0DDE9022304B070472DE9F047F0
:10E4D000089E0D4604460F46002B4AD18A429446B8
:10E4E00065D9B2FA82F343B102FA03FCC3F1200208
:10E4F0009F4020FA02F217439C404FEA1C4E1FFA3D
:10E500008CF5B7FBFEF1220C0EFB117742EA0742B5
:10E5100001FB05F090420AD91CEB020201F1FF3722
:10E5200080F01C81904240F2198102396244121A33
:10E53000A4B2B2FBFEF00EFB102244EA024400FB40
:10E5400005F5A5420AD91CEB040400F1FF3280F066
:10E550000781A54240F204816444023840EA014048
:10E56000641B00211EB1DC400023C6E90043BDE866
:10E57000F0878B4208D9002E00F0ED800021C6E91B
:10E5800000050846BDE8F087B3FA83F1002949D1B8
:10E59000AB4202D3824200F2F880841A65EB030298
:10E5A00001201746002EE2D0C6E90047DFE702B996
:10E5B000FFDEB2FA82F3002B40F090808A1A4FEA15
:10E5C0001C471FFA8CFE0121B2FBF7F507FB152053
:10E5D000220C42EA00420EFB05F0904208D91CEBE7
:10E5E000020205F1FF3802D2904200F2CB8045468C
:10E5F000121AA4B2B2FBF7F007FB102244EA02445D
:10E600000EFB00FEA64508D91CEB040400F1FF3206
:10E6100002D2A64500F2BB801046A4EB0E0440EAED
:10E6200005409FE7C1F120078B4022FA07FC4CEA26
:10E63000030C05FA01F420FA07F3FD404FEA1C49E8
:10E640002343B5FBF9F81FFA8CFE09FB18551C0C87
:10E6500044EA054408FB0EF5A54202FA01F200FA6D
:10E6600001F00BD91CEB040408F1FF3A80F088801C
:10E67000A54240F28580A8F102086444641B9DB263
:10E68000B4FBF9F309FB134445EA044403FB0EFE13
:10E69000A64508D91CEB040403F1FF356CD2A6454E
:10E6A0006AD9023B644443EA0843A3FB0295A4EB06
:10E6B0000E04AC42C846AE4656D353D056B1B0EB6A
:10E6C000080264EB0E0404FA07F7CA40CC40174373
:10E6D000C6E9007418460021BDE8F087C3F12001A7
:10E6E00002FA03FC20FA01F225FA01F19D402A43C7
:10E6F0004FEA1C471FFA8CFEB1FBF7F007FB101521
:10E70000110C41EA054100FB0EF58D4204FA03F4B9
:10E7100008D91CEB010100F1FF382FD28D422DD911
:10E7200002386144491B92B2B1FBF7F507FB1511A2
:10E7300042EA014205FB0EF1914208D91CEB0202AC
:10E7400005F1FF3816D2914214D9023D6244521AA3
:10E7500045EA004138E73146304608E73946E6E603
:10E760001046FBE64845A9D2B9EB020865EB0C0E52
:10E77000013BA3E74546EAE72B4694E74046D1E74D
:10E78000D0467BE7023D624432E708460AE764442C
:10E79000023842E7704700BF00B5204C85B004F254
:10E7A000C450FAF743FAD4F8C8351D49A1FB031346
:10E7B0004FF0E0229B09013B53611A4BF02183F893
:10E7C0002310002607239661012113610820FAF720
:10E7D0009DFA4FF4704240F20133134802A9CDE98B
:10E7E0000223FAF795FC1149114B009104F2D4521F
:10E7F000012104F5CB60FBF763FEF1F791FD04F214
:10E80000D4550C482946FBF7A1FFD4F8483C012B0E
:10E81000F7DDC4F8486CF1F703FEF2E7AC0700201F
:10E82000D34D621000ED00E0000C02401400002007
:10E83000E8000020040E0020002103E00B4B5B5891
:10E84000435004310A480B4B42189A42F6D30A4A05
:10E8500002E0002342F8043B084B9A42F9D3F1F757
:10E86000CFFF00F023F9FFF797FF70472C810108D5
:10E8700000000020AC070020AC0700200CE20020C4
:10E88000FEE70A22002100F093B80A23002200F0DC
:10E8900083B80000012B2DE9F04701D0242B06D9C5
:10E8A00000F0FEF8162303600020BDE8F087DFF8D3
:10E8B000E4C00D462E4615F8014B1CF8047017F005
:10E8C0000807F7D12D2C32D12C780127B51C002B4D
:10E8D0005BD0102B09D1302C07D12C7804F0DF0449
:10E8E000582C4DD16C781023023507F1004808F1FF
:10E8F000FF384FF0000EB8FBF3F9764603FB198A98
:10E90000A4F1300CBCF1090F16D86446A34224DDF3
:10E91000BEF1FF3F08D0B1451CD301D1A24519DBA0
:10E9200006FB03464FF0010E15F8014BE8E72B2CD0
:10E9300004BF2C78B51CCAE7A4F1410CBCF1190F37
:10E9400001D8373CE2E7A4F1610CBCF1190F04D8FF
:10E95000573CDBE74FF0FF3EE6E7BEF1FF3F05D156
:10E9600022230360464642B930469EE707B176420D
:10E97000002AF9D0BEF1000F00D0691E1160F3E744
:10E980003024002BB1D10823AFE7302CA5D00A23C7
:10E99000ABE700BF517D0108FFF77CBF13460A4675
:10E9A000014602480068FFF775BF00BF2002002043
:10E9B00013460A46014602480068FFF76BBF00BFD6
:10E9C000200200200CB400B59DB01EAB0291069150
:10E9D0006FF0004107910491074953F8042B05910A
:10E9E00002A9019300F094F8029B00221A701DB056
:10E9F0005DF804EB02B070470802FFFF0EB400B5EB
:10EA00009CB01DAB029006906FF000410948079141
:10EA10000491094953F8042B05910068019302A958
:10EA200000F076F8029B00221A701CB05DF804EB2F
:10EA300003B07047200200200802FFFF884210B593
:10EA400001EB020402D98442234607D8431EA142A7
:10EA500008D011F8012B03F8012FF8E70244014612
:10EA60008A4200D110BD13F8014D02F8014DF7E7BD
:10EA700013B511F0FF01034610D102B0BDE81040FC
:10EA800001F0B9BB431C04461846019101F0B3FBE9
:10EA900001990028F6D1204602B010BD0024F3E70A
:10EAA000014B1868704700BF2002002070B50D4D63
:10EAB0000D4C641BA4100026A64209D10B4D0C4C32
:10EAC000F1F77AFE641BA4100026A64205D170BDA2
:10EAD00055F8043B98470136EEE755F8043B984754
:10EAE0000136F2E72C8101082C8101082C810108F4
:10EAF0002C8101080A44914200F1FF3300D1704794
:10EB000010B511F8014B03F8014F9142F9D110BD36
:10EB10002DE9F04F2DED048BCFB0894603921D46B1
:10EB2000824601F08BFB036813931846FEF7F0FE54
:10EB3000B9F80C300E9019061AD5D9F81030BBB9B7
:10EB40004021504602F0AEFBC9F80000C9F81000A1
:10EB500058B90C23CAF800304FF0FF330B930B98D1
:10EB60004FB0BDEC048BBDE8F08F4023C9F81430E2
:10EB70009FED917B0023CDE923338DED0C7BCDE917
:10EB8000153325AC229405930993119314930B9399
:10EB9000039B1E4613F8012B0AB1252AF9D1039BCA
:10EBA000F71A0DD0C4E90037249B3B442493239BE0
:10EBB0000133072B239378DC08340B9B3B440B93E6
:10EBC0003378002B01F05A81002301368DF86B3029
:10EBD0004FF0FF380F939B460A272B21334613F83B
:10EBE000012B07920A93079B203B5A2B00F2C68504
:10EBF000DFE813F07E00C405C4058600C405C40523
:10EC0000C4056500C405C40589009300C4059000CF
:10EC10009600C405AF00B200B200B200B200B2006C
:10EC2000B200B200B200B200C405C405C405C405F8
:10EC3000C405C405C4052901C405E600F90029017D
:10EC400029012901C405C405C405C405C200C405C1
:10EC5000C4059104C405C405C405DB04C40501054D
:10EC6000C405C4052305C405C405C405C405C405FD
:10EC7000C405C405C4052901C405E600FB0029013B
:10EC800029012901C500FB00D900C405D200C40533
:10EC90006C049304CA04D900C405DB047C0003059A
:10ECA000C405C4054205C4057C0022AA4946504655
:10ECB00003F0BCF9002840F0378125AC7DE75046D1
:10ECC00001F0BCFA436814931846FEF721FE119038
:10ECD000504601F0B3FA83680993119B2B212BB1A5
:10ECE000099B1BB11B780BB14BF4806B0A9E75E737
:10ECF0009DF86B30002BF9D120238DF86B30F5E7B0
:10ED00004BF0010BF2E755F8043B0F93002BEDDAC3
:10ED10005B420F934BF0040BE8E78DF86B10E5E7CF
:10ED20000A9B13F8012B07922A2A0FD155F8042BBE
:10ED30000A9342EAE278D9E707FB082813F8012B87
:10ED40000792079A303A092AF6D94BE74FF00008A4
:10ED5000F7E74BF0800BC9E700220A9B0F92079A56
:10ED60000F98303A07FB00220F9213F8012B0792FD
:10ED7000303A092AF3D935E74BF0080BB6E70A9B7E
:10ED80001B78682B01BF0A9B01330A934BF4007B6D
:10ED900018BF4BF0400BA9E70A9B1B786C2B05D1E1
:10EDA0000A9B01330A934BF0200B9FE74BF0100BAB
:10EDB0009CE700BFAFF300800000000000000000EF
:10EDC0002A4652F8043B8DF8D430002306928DF881
:10EDD0006B3004931F461E4608931D4635AB4FF01B
:10EDE00001080393B9E14BF0100B1BF0200F12D078
:10EDF000073525F007031A465E6852F8085B06924D
:10EE0000002E06DA6D424FF02D0366EB46068DF8B4
:10EE10006B30012392E32B461BF0100F53F8046B69
:10EE2000069302D03546F617EAE71BF0400F03D0F1
:10EE300035B246F3C036E3E71BF4007FF2D075B27B
:10EE400046F3C016DCE7073525F00703B3EC027B79
:10EE50008DED0C7B06930C9B09EE103A0D9B23F075
:10EE6000004309EE903A4FF0FF32344B51EC190B4E
:10EE7000FFF7D6FA18BB314B51EC190B4FF0FF32AC
:10EE8000FFF7B0FAD8B9DDE90C0100220023FFF743
:10EE90009FFA10B12D238DF86B30294A294B079921
:10EEA0004729C8BF1A46002303922BF0800B049316
:10EEB0004FF003081F461E4608931D464DE1DDE94D
:10EEC0000C2310461946FFF7ABFA40B10D9B1E4AC2
:10EED000002BBCBF2D238DF86B301C4BDFE7079B4D
:10EEE00023F02003412B089332D130238DF86C306E
:10EEF000079B612B0CBF78235823B8F1630F8DF863
:10EF00006D304BF0020B40F3048208F101015046D2
:10EF100002F0C8F90390002840F0FF81B9F80C30E6
:10EF200043F04003A9F80C30B9F80C3013F0400F4F
:10EF30000B9B18BF4FF0FF3310E600BFFFFFEF7FC2
:10EF4000517E0108557E0108597E01085D7E010849
:10EF5000B8F1FF3F00F0E481089B472B40F0E481CB
:10EF6000B8F1000F40F0E081CDF810804FF00108BB
:10EF70004BF4807310930D9B002B80F2D7810C9B78
:10EF800008EE103A0D9B03F1004308EE903A2D2352
:10EF90001893089B412B40F0E781B0EE480AF0EE51
:10EFA000680A1CA801F0D2F900224FF07F5351ECFF
:10EFB000100BFEF79BFF0022002306460F46FFF7CB
:10EFC000FDF908B101231C93AC4BAD4A0799039D91
:10EFD000612918BF1A4608F1FF3317920593A94B10
:10EFE000002230463946FEF781FF0F460646FFF7FE
:10EFF0002DFA1990FEF710FF02460B4630463946AF
:10F00000FEF7BCFD199A179B9B5C05F8013B059B1D
:10F0100012935A1C06460F4607D0013B0593002267
:10F020000023FFF7CBF90028D9D0974B00223046B8
:10F030003946FFF7EBF960B9934B00223046394669
:10F04000FFF7BCF9002800F08A81199BDE0740F128
:10F050008681179B2095D97B3020209A531E2093C0
:10F0600012F8013C8B4200F06981392B0BBF179BD2
:10F0700001339B7ADBB202F8013C039BEB1A059348
:10F08000089B1C9D472B40F0B981E81C02DBA8457A
:10F0900080F2D781079B023B079307999DF81C20BC
:10F0A00021F02001412908BF0F3205F1FF3306BFCF
:10F0B000D2B201210021002B1C93B8BFC5F101037E
:10F0C0008DF87820B4BF2D222B22092B8DF87920C2
:10F0D00040F3AA810DF187000A26024693FBF6F55C
:10F0E00006FB1531303102F8011C1946632900F185
:10F0F000FF302B46F1DC3033911E00F8013C0DF15E
:10F1000079050B460DF187008342C0F088810DF12F
:10F1100089039B1A814288BF00230DF17A021A44A9
:10F120001EABD31A059A1593012A03EB020802DCE1
:10F130001BF0010F01D00E9B98442BF48063002636
:10F1400043F48073109308963546189B13B12D2312
:10F150008DF86B30DDF840B0002747453B46B8BF1F
:10F16000434610939DF86B3013B1109B01331093FD
:10F170001BF0020317931EBF109B023310931BF06A
:10F180008403189322D1DDE90F329B1A002B1293CE
:10F190001CDD1298DDE9232310283C48206002F191
:10F1A000010204F1080100F3F78212986060034441
:10F1B000072ACDE9232340F3048322AA4946504677
:10F1C00002F034FF002840F0378625AC9DF86B2014
:10F1D000249B6AB10DF16B02226001221344249337
:10F1E000239B62601344072B239300F3EC820834C3
:10F1F000179A249B62B11BAA226002221344249313
:10F20000239B62600133072B239300F3E6820834CB
:10F21000189B802B22D1DDE90F329B1A002B129311
:10F220001CDD1298DDE9232310281948206002F123
:10F23000010204F1080100F3DA82129860600344CD
:10F24000072ACDE9232340F3E78222AA4946504604
:10F2500002F0ECFE002840F0EF8525ACA7EB080794
:10F26000002F27DDDDE9233209482060102F03F14C
:10F27000010304F1080100F3D1820BE0727E010862
:10F28000617E0108000030400000E03F857E0108FB
:10F29000957E01086760072B1744CDE9233740F3BB
:10F2A000D08222AA4946504602F0C0FE002840F013
:10F2B000C38525AC1BF4807F249F40F0C982039B4B
:10F2C000C4E9003847442497239B0133072B239339
:10F2D00000F3038308341BF0040F40F08F85DDE951
:10F2E0000F210B9B8A42ACBF9B185B180B93249B8E
:10F2F0003BB122AA4946504602F098FE002840F051
:10F300009B8500232393049B002B40F0B18525AC03
:10F31000E7E035AB049003932AE6039B049327E6CA
:10F3200004904FF0060823E6049021E69DED0C7B47
:10F330000023B0EE478AF0EE678A29E602F8010C56
:10F340008BE603F8010BCA1A002AFADA129A129B0A
:10F35000013203F10103B8BF00231D448DE6129A68
:10F360002B46A9183020EEE7089B462B05D0452BED
:10F370001DD108F10105022101E04546032120AB22
:10F3800001931DAB00932A461CAB5046B0EE480AD1
:10F39000F0EE680A01F09CF8089B0390472B08D117
:10F3A0001BF0010F05D1209B039A9B1A67E6454687
:10F3B000E1E7039B5E19089B462B0FD1039B1B784B
:10F3C000302B09D151EC180B00220023FEF7F6FF79
:10F3D00010B9C5F101051C951C9B1E4451EC180B7E
:10F3E00000220023FEF7EAFF00B120963022209B86
:10F3F0009E42D8D9591C20911A70F8E7089B462BD9
:10F400007FF44BAE0BF00103002D43EA080325DD2A
:10F4100083B30E9BEB1898446623079330E013F8F0
:10F42000016B05F8016F6FE641B930228DF87A2043
:10F430000DF17B02303302F8013B71E60DF17A02E7
:10F44000F8E7059BAB420DDD059B0E9A002D03EB03
:10F4500002080DDCC5F10103984409E063B10E9B7D
:10F460000133D8E71BF0010F1DD00E9B05EB0308FD
:10F470006723D2E7A846CFE7662307934FF001083A
:10F480001BF4806308931FD00026002D08967FF799
:10F490005CAE099B1B78FF2B07D1089B119A334464
:10F4A00002FB038851E6A846E2E7AB42F5DAED1A23
:10F4B000099B5B7833B1089B01330893099B0133A7
:10F4C0000993E6E70136E4E7089E3EE62B1D1BF0B4
:10F4D000200F06930AD00B9A2B680B99D217C3E919
:10F4E00000120A9B069D0393FFF752BB1BF0100FFF
:10F4F00003D02B680B9A1A60F3E71BF0400F03D080
:10F500002B680B9A1A80ECE71BF4007FF1D02B6874
:10F510000B9A1A70E5E74BF0100B1BF0200320D07C
:10F52000073525F007031A465E6852F8085B069215
:10F530002BF4806B002300228DF86B20B8F1FF3F85
:10F5400000F0A7842BF08002049255EA060240F0F6
:10F55000A684B8F1000F00F00781012B40F0A284CF
:10F56000A3E02A461BF0100652F8045B069201D075
:10F570001E46DDE71BF0400301D0ADB2D8E71BF417
:10F580000076D5D0EDB2F3E72B46782253F8045B32
:10F59000069347F63003ADF86C30AB4B169300265C
:10F5A0004BF0020B02230792C5E72B46B8F1FF3F51
:10F5B00053F8042B03924FF0000506938DF86B501F
:10F5C00010D0039842462946FEF752F904900028CD
:10F5D00000F0E080039A0495A0EB02082F462E4627
:10F5E0000895BAE50398FEF793F92F4680460495EF
:10F5F0003E463B4660E44BF0100B1BF0200309D065
:10F60000073525F007031A465E6852F8085B069234
:10F61000012390E72A461BF0100652F8045B06927D
:10F6200001D01E46F4E71BF0400301D0ADB2EFE776
:10F630001BF40076ECD0EDB2F3E7844B16931BF08D
:10F6400020031BD0073525F007031A465E6852F8E1
:10F65000085B06921BF0010F0AD055EA060307D09B
:10F6600030238DF86C30079B8DF86D304BF0020B1A
:10F670002BF4806B02235EE7734BDFE72A461BF017
:10F68000100652F8045B069201D01E46E2E71BF01A
:10F69000400301D0ADB2DDE71BF40076DAD0EDB265
:10F6A000F3E70A2D76F1000306D230358DF8375195
:10F6B0000DF2371300F016BC00230593049B03F4EE
:10F6C00080634EAF08930A22002328463146FEF796
:10F6D000E5FE7B1E0393059B109001330593089B69
:10F6E00030328B4607F8012CD3B1099B059A1B7861
:10F6F0009A4215D1FF2A13D00A2D76F100030FD3B9
:10F70000039B119A14999B1A1846039300F080FDED
:10F71000099B5B781BB1099B013309930023059377
:10F720000A2D76F100060BD2039BDDF810B04EAA2D
:10F730004746A2EB0308002304931E46FFF7BCBB19
:10F74000109D039F5E46BEE7169A05F00F032D0934
:10F75000D35C039A45EA067502F8013D360955EA7D
:10F7600006030392F0D1DFE733B91BF0010F03D09A
:10F7700030238DF837319BE74EABB3E3079B002B6B
:10F7800000F07C838DF8D43000238DF86B30069523
:10F79000FFF71FBB049F2BE710200344072ACDE986
:10F7A0002323606008DD22AA4946504602F03EFC51
:10F7B000002840F0418325A9129B103B12930C4670
:10F7C000E7E40C4602E522AA4946504602F02EFC28
:10F7D000002840F0318325AC0AE522AA494650466C
:10F7E00002F024FC002840F0278325AC10E510200F
:10F7F0000344072ACDE92323606008DD22AA494695
:10F80000504602F013FC002840F0168325A9129BF5
:10F81000103B12930C4604E50C461FE510200244F1
:10F82000072BCDE92332606008DD22AA4946504605
:10F8300002F0FCFB002840F0FF8225A9103F0C4697
:10F8400010E50C4636E500BF617E0108727E0108B6
:10F85000079B652B40F33A82DDE90C01002200236F
:10F86000FEF7ACFD002868D06D4B236001231F44D8
:10F870006360239B24970133072B239337DC0834E1
:10F880001C9B059A934203DB1BF0010F3FF423AD51
:10F89000139B23600E9B0E9A6360249B1344249356
:10F8A000239B0133072B23932BDC0834059B5D1E20
:10F8B000002D7FF710AD5B4E1027DDE92332102DB0
:10F8C00003F1010304F10801266024DC656015449E
:10F8D0002495072B239340F38E8222AA4946504653
:10F8E00002F0A4FB002840F0A78225ACF3E422AA92
:10F8F0004946504602F09AFB002840F09D8225AC14
:10F90000BEE722AA4946504602F090FB002840F08C
:10F91000938225ACCAE71032072BCDE9233267600A
:10F9200008DD22AA4946504602F080FB002840F03C
:10F93000838225A9103D0C46BFE71C9B002B73DC7E
:10F94000374B236001231F446360239B24970133BB
:10F95000072B23933DDC083405991C9B249A0B4309
:10F960000BF001010B433FF4B6AC139B23600E9BDD
:10F9700063601A44239B24920133072B239332DCC8
:10F9800008341C9D002D1BDA264E6D42234610279D
:10F99000DDE92321102D02F1010204F108041E60AB
:10F9A0002BDC5D60072A0D44CDE9232508DD22AA62
:10F9B0004946504602F03AFB002840F03D8225AC13
:10F9C000039B2360059B059A6360249B1344249347
:10F9D0007AE422AA4946504602F028FB002840F06B
:10F9E0002B8225ACB8E722AA4946504602F01EFBFE
:10F9F000002840F0218225ACC3E71031072ACDE969
:10FA000023215F6008DD22AA4946504602F00EFB22
:10FA1000002840F0118225AC103D2346B8E700BF16
:10FA2000837E0108957E0108059BAB42A8BF2B464B
:10FA3000002B98460ADD039BC4E90038239B013361
:10FA40004744072B249723937BDC0834B8F1000F3D
:10FA5000ACBFA5EB08072F46002F1ADDDFF868833F
:10FA6000C4F80080DDE92332102F03F1010304F113
:10FA7000080170DC6760072B1744CDE923377DDD73
:10FA800022AA4946504602F0D1FA002840F0D4811B
:10FA900025AC039B1BF4806F1D440AD0089B002BF0
:10FAA0006ED1002E6ED1039B059A13449D4228BF50
:10FAB0001D461C9B059A934202DB1BF0010F0ED0E2
:10FAC000139B23600E9B0E9A6360249B1344249324
:10FAD000239B0133072B239300F3D2800834059B2B
:10FAE0001C9E059A9E1B039B13445B1B9E42A8BF52
:10FAF0001E46002E249B0ADD33442493239B0133AE
:10FB0000072BC4E90056239300F3C48008341C9DDE
:10FB1000059B002EA3EB0505A8BFAD1B002D7FF7AD
:10FB2000DAABA94E1027DDE92332102D03F10103D2
:10FB300004F10801266000F3B7802A44656024922E
:10FB4000C7E622AA4946504602F070FA002840F063
:10FB5000738125AC7AE710200244072BCDE92332CC
:10FB6000606008DD22AA4946504602F05FFA00288C
:10FB700040F0628125A9103F0C4671E70C4688E7EA
:10FB8000002E4DD0013E149B2360119B119A63609F
:10FB9000249B13442493239B0133072B239346DC9C
:10FBA0000834039B059A03EB0208099B1B78A8EB1A
:10FBB00005089845A8BF9846B8F1000F249B09DDB9
:10FBC00043442493239B0133072BC4E90058239318
:10FBD00037DC0834099B1F78B8F1000FA8BFA7EBEA
:10FBE0000807002F18DDDDE9233277482060102F49
:10FBF00003F1010304F108012DDC3A44072BCDE9A0
:10FC0000233267603ADD22AA4946504602F00EFAD6
:10FC1000002840F0118125AC099B1B781D443DE76D
:10FC2000099B013B0993089B013B0893ABE722AA80
:10FC30004946504602F0FAF9002840F0FD8025AC14
:10FC4000AFE722AA4946504602F0F0F9002840F0FA
:10FC5000F38025ACBEE710200244072BCDE9233208
:10FC6000606008DD22AA4946504602F0DFF900280C
:10FC700040F0E28025A9103F0C46B4E70C46CBE7E4
:10FC800022AA4946504602F0D1F9002840F0D4801B
:10FC900025AC24E722AA4946504602F0C7F90028BD
:10FCA00040F0CA8025AC32E71032072BCDE9233271
:10FCB000676008DD22AA4946504602F0B7F90028DD
:10FCC00040F0BA8025A9103D0C462CE7059A239BED
:10FCD000012A039A226007F1010703F101034FF0A3
:10FCE0000102CDE9233704F10805626002DC1BF054
:10FCF000010F7BD0072B08DD22AA4946504602F0AF
:10FD000095F9002840F0988025AD139B2B600E9B41
:10FD10000E9A6B60249B13442493239B0133072B7F
:10FD2000239332DC0835059BDDE90C015C1E0022C3
:10FD30000023DDE92376FEF741FB00282ED1039B4B
:10FD40000133C5E90034059B0137013E1E44072FEE
:10FD5000CDE923764DDD22AA4946504602F066F9E8
:10FD6000002869D125AD1EAB2B60159B159A6B60E1
:10FD7000249B13442493239B0133072B23933FF7A6
:10FD8000ACAD05F10804FFF7A6BA22AA49465046D1
:10FD900002F04CF900284FD125ADC4E7002CE2DD7C
:10FDA000094E1027DDE92332102C03F1010305F180
:10FDB00008012E600ADC6C60072B1444CDE9233463
:10FDC000C9DC0D46CFE700BF957E01081032072B36
:10FDD000CDE923326F6006DD22AA4946504602F083
:10FDE00025F948BB25A9103C0D46DBE7072BBADDFA
:10FDF000B1E70835B7E70C46FFF76DBADDE90F321A
:10FE00009D1A002D7FF76BAA374E1027DDE92332AC
:10FE1000102D03F10103266018DC6560072B1544E3
:10FE2000CDE923357FF75BAA22AA4946504602F066
:10FE3000FDF800283FF453AA049B002B3FF474A85C
:10FE40001946504601F06EF9FFF76EB81032072BD5
:10FE5000CDE92332676002DC0834103DD6E722AAE0
:10FE60004946504602F0E2F80028E5D125ACF4E717
:10FE70000499504601F056F9FFF749BA249B002B2C
:10FE80003FF452A822AA4946504602F0CFF8FFF7A5
:10FE90004BB855EA0602CDF810B03FF45EAB012B2B
:10FEA0003FF4FFAB022B4EAB03933FF44DAC039AF0
:10FEB00005F007031146303301F8013DED0845EA2E
:10FEC0004675F608039155EA0601F0D10499C90771
:10FED0007FF52AAC302B3FF427AC0399302301F88F
:10FEE000013C931E03931FE4857E0108002310B597
:10FEF0000446C0E90033C0E904338360818143666E
:10FF0000C2818361194608225C3000F06CF9054B10
:10FF10002362054B6362054BA362054BE461E36218
:10FF200010BD00BF5D01010883010108BB0101088C
:10FF3000DF010108024A0349034800F0F1B800BF9D
:10FF400024020020C92901080001002041680C4B4F
:10FF5000994210B5044601D002F036FDA168094B64
:10FF6000994202D0204602F02FFDE168064B9942EB
:10FF700004D02046BDE8104002F026BD10BD00BFF1
:10FF80008CE00020F4E000205CE1002008B54B6E1E
:10FF9000DA0705D48B899B0502D4886D00F0CFF970
:10FFA000002008BD08B54B6EDA0705D48B899B0588
:10FFB00002D4886D00F0C9F9002008BD10B50B4BC4
:10FFC0000B4C0C4A1A60204600220421FFF78EFFDA
:10FFD00004F1680001220921FFF788FF04F1D00035
:10FFE0000222BDE810401221FFF780BFC4E10020CB
:10FFF0008CE0002035FF0008014800F0A0B900BFE8
:020000040801F1
:10000000D2E10020014800F0A0B900BFD2E10020F9
:100010002DE9F0410746FFF7EFFF244B1B680BB9B2
:10002000FFF7CCFF224E4FF00408D6E90134013B24
:100030000FD53568002D37D14FF4D671384601F011
:1000400031F9044630BB3060FFF7DCFF0C233B6026
:100050001BE0B4F90C50DDB9164BE36004F1580015
:10006000656600F068F9FFF7CDFFC4E90155C4E902
:1000700004552560A5610822294604F15C0000F0C2
:10008000B2F8C4E90C55C4E911552046BDE8F08129
:100090006834CCE7C0E900580C30A0604FF4D0724F
:1000A000294600F0A0F834603668BEE7C4E10020BD
:1000B000240200200100FFFF10B50446FFF79CFF5B
:1000C000636B1BB1BDE81040FFF79CBF044B63633B
:1000D000044B1B68002BF5D1FFF770FFF2E700BF60
:1000E0004DFF0008C4E1002008B5FFF785FFBDE81B
:1000F0000840024A0249002000F012B82402002001
:100100008DFF000808B5044A0449002000F008F8F3
:10011000BDE80840FFF776BF24020020A5FF0008D5
:100120002DE9F8430746884614460026D4E9019590
:10013000B9F1010905D52468002CF7D13046BDE896
:10014000F883AB89012B07D9B5F90E30013303D001
:1001500029463846C04706436835E9E710B50C46DE
:10016000B1F90E1000F0C2F80028ABBF236DA389CF
:100170001B1823F48053ACBF2365A38110BD00205E
:1001800070472DE9F0411F468B89DB0505460C467B
:10019000164605D5B1F90E100223002200F094F89E
:1001A000A389B4F90E1023F48053A38132463B4651
:1001B0002846BDE8F04100F0ABB810B50C46B1F9E7
:1001C0000E1000F081F8431CA38915BF206523F4AD
:1001D000805343F48053A38118BFA38110BDB1F9AC
:1001E0000E1000F033B802440346934200D170472A
:1001F00003F8011BF9E7C9B2034610F8012B1AB145
:100200008A42F9D118467047002918BF0023F9E740
:1002100010B50139034632B111F8014F03F8014B13
:10022000013A002CF7D11A440021934200D110BDAD
:1002300003F8011BF9E7F0307047000000487047F1
:1002400030070020004870473007002038B5064DC1
:100250000023044608462B60F0F786FB431C02D1BE
:100260002B6803B1236038BDC8E10020154B1B6823
:10027000834270B5044623D0436CFBB9A16B11B126
:10028000204600F04FFFE16C11B1204600F04AFF1C
:10029000636BABB12046BDE870401847495939B986
:1002A0000435802D616CF9D1204600F03BFFE5E775
:1002B0000E68204600F036FF3146F0E70025F0E7F3
:1002C00070BD00BF2002002038B5074D0446084627
:1002D000114600222A601A46F0F74AFB431C02D15D
:1002E0002B6803B1236038BDC8E1002038B5074D45
:1002F00004460846114600222A601A46F0F73AFBE7
:10030000431C02D12B6803B1236038BDC8E1002033
:1003100038B5074D04460846114600222A601A46A1
:10032000F0F72AFB431C02D12B6803B1236038BDD0
:10033000C8E10020704770477047704770477047AA
:1003400001207047012070477047704770B5002149
:1003500055EC104B0160164925F000428A420646D2
:100360002B4622DC10EE101A11431ED011492940F1
:1003700069B9114B002210EE100A2946FDF7B6FDAF
:100380000B4621F000426FF03501044631603168C0
:10039000121523F0FF43A2F2FE3223F4E0031144CE
:1003A00043F07F55316045F4001545EC104B70BDAE
:1003B000FFFFEF7F0000F07F000050432DE9F74F73
:1003C00003690C69A34207467EDB013C01F1140876
:1003D00000F1140505EB8403019358F8243055F817
:1003E000242001339A424FEA840B08EB8409B2FBC4
:1003F000F3F631D34FF0000E4046AC46F24650F8CB
:10040000042B93B206FB03E34FEA124E1A0C9BB285
:10041000AAEB0303DCF800A013FA8AF306FB0E2212
:100420000093009B4FEA124E92B2C2EB1A4202EBCB
:100430002342BDF80030814543EA02434CF8043BB7
:100440004FEA224ADBD255F80B302BB9019B043B13
:100450009D421A462CD33C61384601F0E1FB00284E
:1004600022DB01362946002058F8042BD1F800C0C1
:1004700093B2C31A120C13FA8CF3C2EB1C4202EBB8
:1004800023429BB243EA0243C14541F8043B4FEA91
:100490002240E9D255F8242005EB840322B9043B1D
:1004A0009D421A460AD33C61304603B0BDE8F08F46
:1004B0001268043B002ACED1013CC9E71268043B14
:1004C000002AF0D1013CEBE70020EEE7000000003D
:1004D0002DE9F04F2DED048B93B08DED020B0791BC
:1004E000816B209D0A9257EC106B04460D9341B12D
:1004F000C26B4A60012393408B6001F03EF90023F8
:10050000A3633B1EB9BF23F00043039300232B607A
:10051000DDF80C80A24BBCBF01222A6033EA08033D
:100520001BD10D9A42F20F731360C8F313033343C8
:1005300000F08F85219B0BB99A4B27E0994B0093D4
:100540000333219A1360009813B0BDEC048BBDE80F
:10055000F08F954B00930833F3E79DED027B00226B
:1005600051EC170BB0EE478AF0EE678A0023FDF7D7
:1005700025FF814660B10D9A01231360219B002B5A
:1005800000F06485894B219A1360013B0093DAE700
:1005900010AA11A92046B0EE480AF0EE680A01F050
:1005A00055FCC8F30A558246002D7ED018EE903ACD
:1005B000C3F3130343F07F5351EC180B43F4401380
:1005C000A5F2FF35CDF8389019460022784BFDF79B
:1005D000D5FA6DA3D3E90023FDF788FC6CA3D3E91A
:1005E0000023FDF7CDFA064628460F46FDF714FC1A
:1005F00069A3D3E90023FDF779FC02460B46304698
:100600003946FDF7BDFA06460F46FDF71FFF0022EB
:100610008346002330463946FDF7DAFE48B1584696
:10062000FDF7FAFB32463B46FDF7C8FE08B90BF171
:10063000FF3BBBF1160F56D85E4B03EBCB03D3E960
:10064000002351EC180BFDF7C3FE00284DD00BF131
:10065000FF3B00230C93109B5B1B5A1E45BFC3F14D
:100660000103059300230023069254BF05930693CC
:10067000BBF1000F3BDB069BCDF82CB05B4406932F
:1006800000230893079B092B68D8052BC4BF043BA4
:100690000793079BA3F10203CCBF00250125032B81
:1006A00067D8DFE803F02E3B3959DDE910531D44CC
:1006B00005F23243202BC1BFC3F1400308FA03F80F
:1006C00005F2124326FA03F3D6BFC3F1200348EA2A
:1006D000030006FA03F0FDF78FFB0122A1F1F87386
:1006E000013D0E9270E70123B4E70C90B3E7059B40
:1006F000A3EB0B030593CBF10003089300230B93AB
:10070000C0E7002309930A9B002B35DC01230193EA
:1007100004931A460A920BE00123F3E7002309939E
:100720000A9B5B4401930133012B0493B8BF01235F
:100730000021042202F11400984221D9E1632046ED
:1007400000F0F6FF009000283AD11B4B024640F221
:10075000AF111A4802F0AAFA0123E0E701250023AD
:10076000079309954FF0FF3301930493002212235E
:10077000D0E701230993F5E70A9B01930493D7E798
:1007800001315200D6E700BF61436F63A787D23FB4
:10079000B3C8608B288AC63FFB799F501344D33F70
:1007A0000000F07FAE7E0108A57E0108847E01086E
:1007B0000000F83FA07F0108B27E0108C37E010857
:1007C000009BA363049B0E2B00F2A880002D00F079
:1007D000A580BBF1000F38DDBF4B0BF00F0203EB20
:1007E000C2031BF4807FD3E900674FEA2B1819D0AE
:1007F000BA4B51EC180BD3E90823FDF7A1FCCDE966
:10080000020108F00F080325DFF8D092B8F1000FBD
:100810000AD1DDE9020132463B46FDF791FCCDE904
:1008200002012BE00225EFE718F0010F08D0304657
:100830003946D9E90023FDF759FB013506460F4635
:100840004FEA680809F10809E0E700F09F80CBF162
:100850000006A14BA14F06F00F0203EBC203D3E940
:10086000002351EC180BFDF741FBCDE902013611D5
:1008700000230225002E7ED1002BD0D10C9BDDE978
:100880000289002B00F08480954B002240464946A7
:10089000FDF79EFD00287BD0049B002B78D0019BA8
:1008A000002B39DD8F4B002240464946FDF71EFBE9
:1008B000CDE90201019E0BF1FF370135DDE9028927
:1008C0002846FDF7A9FA42464B46FDF70FFB864B3B
:1008D0000022FDF755F9A1F15073CDE90201039310
:1008E000002E58D1814B002240464946FDF746F97B
:1008F000DDE9022380468946FDF788FD002840F0A7
:100900009582DDE90221404601F100434946FDF7A9
:100910005FFD002840F088828DED028B119B002B3B
:10092000C0F24D81BBF10E0F00F349816A4B03EB1E
:10093000CB03D3E900890A9B002B80F2DB80049B68
:10094000002B00F3D78040F06E82684B00224046B7
:100950004946FDF7CBFADDE90223FDF74DFD049E84
:100960003746002840F04482009D312305F8013BC2
:100970000BF1010B40E2F20705D5D7E90023FDF7A3
:10098000B5FA013501237610083773E7022575E7BC
:10099000049E5F4692E700994F4B9DED027B3144E8
:1009A00002910999B0EE479AF0EE679A03EBC603FD
:1009B00053E90223002944D04D490020FDF7C0FB34
:1009C00053EC192BFDF7DAF8009D41EC190B494661
:1009D0004046FDF73BFD0646FDF71EFA02460B4674
:1009E00040464946FDF7CAF8303605F8016B53EC2E
:1009F000192B80468946FDF7EBFC002864D142465E
:100A00004B4637490020FDF7B9F853EC192BFDF799
:100A1000DFFC002840F0B580029B9D423FF47CAF94
:100A2000304B51EC190B0022FDF760FA2D4B41ECD5
:100A3000190B002240464946FDF758FA8046894680
:100A4000C5E751EC170BFDF751FA029B009D0F9380
:100A500041EC190B49464046FDF7F8FC0646FDF708
:100A6000DBF9303602460B4640464946FDF786F82C
:100A700005F8016B029B9D42804689464FF00002BB
:100A800024D11B4B51EC190BFDF77AF802460B46AB
:100A900040464946FDF7BAFC002872D153EC192BA9
:100AA00013490020FDF76AF802460B4640464946C6
:100AB000FDF78EFC00283FF42FAF0F9D6B1E0F93A8
:100AC00015F8013C302BF8D0BB4649E0054BFDF74B
:100AD0000DFA80468946BDE7A07F0108787F0108AE
:100AE0000000F03F0000244000001C4000001440C3
:100AF0000000E03FDDE90267009D42464B4630467C
:100B00003946FDF71DFBFDF7A1FC0190FDF784F9C7
:100B100042464B46FDF7EAF902460B463046394657
:100B2000FDF72CF8019E049F303605F8016B009EFE
:100B3000AE1BB74202460B4634D1FDF721F84246C0
:100B40004B4606460F46FDF761FCC8B942464B4688
:100B500030463946FDF732FC10B1019BDB070FD45C
:100B60005146204600F009FE00230D9A2B700BF130
:100B700001031360219B002B3FF4E5AC1D60E2E410
:100B80005F462B461D4613F8012D392A06D1009ADF
:100B90009A42F7D10099302201370A701A7801324F
:100BA0001A7091E7A34B0022FDF7A0F90022002361
:100BB00006460F46FDF702FC00289ED0D0E7099AB2
:100BC000002A00F0CA80079A012A00F3AD800E9A2D
:100BD000002A00F0A58003F23343089E059D059A84
:100BE0001A440592069A01211A442046069200F002
:100BF000ABFE074665B1069B002B09DDAB42059AAB
:100C0000A8BF2B46D21A0592069AED1AD31A06935C
:100C1000089BF3B1099B002B00F0A380002E10DD90
:100C200039463246204600F04FFF524601460746FD
:100C3000204600F09FFE51468046204600F09DFD74
:100C4000C246089B9A1B04D05146204600F03CFF48
:100C500082460121204600F077FE0B9B002B0646C2
:100C600040F381801A460146204600F02DFF079B85
:100C7000012B06467ADD4FF00008336906EB83034B
:100C8000186900F013FEC0F12000069B184410F014
:100C90001F0000F09480C0F12003042B40F38580F6
:100CA000059BC0F11C0003440593069B03440544C7
:100CB0000693059B002B05DD51461A46204600F0A1
:100CC00043FF8246069B002B05DD31461A4620462F
:100CD00000F03AFF06460C9B002B72D0314650467E
:100CE00000F09EFF00286CDA002351460A222046BD
:100CF00000F04CFD099B0BF1FF3B8246002B00F0FE
:100D0000AF81002339460A22204600F03FFD019BB7
:100D1000002B074600F39680079B022B59DC91E0DD
:100D2000109BC3F1360358E7049B5E1E089BB34239
:100D3000BFBF089B0B9A0896F31AB4BFD2189E1B2C
:100D4000049BBCBF0B920026002BB7BFDDE9042338
:100D5000DDE904359D1A002341E7089E059D099FA2
:100D600048E7089A70E7079B012B19DC029BBBB987
:100D7000039BC3F313039BB9039B23F000431B0D99
:100D80001B0583B1059B01330593069B0133069335
:100D90004FF001080B9B002B7FF46FAF012074E72D
:100DA0004FF00008F6E79846F4E782D0059A1C3326
:100DB0001A440592069A1A441D44069279E703469E
:100DC000F4E7049B002B37DC079B022B34DD049BEC
:100DD0000193019B63B931460522204600F0D6FC01
:100DE00001460646504600F01BFF00283FF7BCAD09
:100DF0000A9B009D6FEA030B4FF000083146204626
:100E000000F0BBFC002F3FF4ABAEB8F1000F05D0F3
:100E1000B84503D04146204600F0AFFC3946204695
:100E200000F0ABFC9CE600263746E1E7BB463746C0
:100E30009AE500BF00002440099B002B00F0C7800A
:100E4000049B0193002D05DD39462A46204600F01B
:100E50007BFE0746B8F1000F5AD07968204600F0B3
:100E600067FC054620B9824B024640F2EF2170E450
:100E70003A690232920007F10C010C30FDF73AFE9C
:100E800001222946204600F05FFE009B01330493B7
:100E9000DDE9002313440893029B03F00103B846E5
:100EA00006930746049B3146013B50460193FFF7EA
:100EB00085FA4146029000F13009504600F0B0FE3C
:100EC0003A4605903146204600F0C6FEC268054607
:100ED00002BB0146504600F0A3FE024629462046CA
:100EE000099200F04AFC079B099A049D43EA02011B
:100EF000069B194310D1B9F1390F29D0059B002B5E
:100F000002DD029B03F13109019B83F8009075E734
:100F10003846BAE70122E1E7059B002B04DB07997D
:100F20000B4306990B4320D1002AEDDD51460122E7
:100F3000204600F009FE3146824600F071FE00288E
:100F400003DCE1D119F0010FDED0B9F1390FD8D1AE
:100F5000019A392313702B461D46013B15F8012CCD
:100F6000392A6CD001321A7048E7002A07DDB9F13E
:100F7000390FEDD0019A09F1010313703EE7049B8C
:100F8000089A03F8019C934243D0514600230A2259
:100F9000204600F0FBFBB84582464FF000034FF0BF
:100FA0000A024146204607D100F0F0FB8046074682
:100FB000049B0133049375E700F0E8FB3946804653
:100FC00000230A22204600F0E1FB0746F0E7049BDD
:100FD0000193009D31465046FFF7F0F900F13009CA
:100FE000009B05F8019BEA1A019B934207DD5146DD
:100FF00000230A22204600F0C9FB8246EAE7019B53
:10100000002BC8BF1D46009BD8BF01251D444FF0D3
:10101000000851460122204600F096FD31468246E6
:1010200000F0FEFD002896DC02D119F0010F92D1EC
:101030002B461D4613F8012D302AFAD0DEE6009A21
:101040009A4289D10BF1010B312396E7094BFFF747
:101050009DBA219B002B7FF47CAA074BFFF796BA21
:10106000019B002BB5DC079B022B3FF7B2AEB0E72C
:10107000B27E0108837E0108A57E01082DE9F041BA
:10108000064608200C4601F005FE234F80463046F8
:1010900000F042FBBB685D6825F003052C1B113C8A
:1010A0004444B4FBF8F4013C08FB04F4A04505DD1E
:1010B000304600F037FB0020BDE8F08100213046CB
:1010C00001F0D8FDBB682B449842F1D16142304613
:1010D00001F0D0FD013010D10021304601F0CAFDF1
:1010E000BA68831A0F2BE3DD0C490968401A0C49D2
:1010F00043F0010308605360DAE7BB68084A2D1B20
:1011000045F001055D60136830461B1B136000F05D
:1011100009FB0120D0E700BF300200203806002084
:10112000D4E10020F8B505460F46002900F0B18053
:1011300000F0F2FA57F8042C564822F00104A7F107
:10114000080303EB040C8168DCF80460614526F0B9
:10115000030602F001021BD126443AB957F8082CC5
:101160009B1A1644D3E90212CA60916046F001024C
:101170005A608360484B1B68B34204D8474B2846EB
:101180001968FFF77BFF2846BDE8F84000F0CABAAF
:10119000CCF80460002A38D157F8081C5B1A0C44BC
:1011A000996800F10807B94231D0DF68CF60B960B3
:1011B0000CEB06014968C9070BD4DCF8081034446D
:1011C0003ABB374EB14224D1C0E90433C3E902111E
:1011D000012244F0010159601C51002AD3D1B4F519
:1011E000007F1BD2E20801216409A140446801325A
:1011F0002143416050F8324000EBC2010839C3E995
:10120000024140F83230E360BDE70022D0E701221E
:10121000CEE7DCF80C60CE60B160DAE7B4F5206FA1
:101220004FEA542214D2A2093832511C00EBC206F4
:1012300050F831108E4225D10124921004FA02F2A6
:10124000446822434260C3E90216B360CB609AE768
:10125000142A01D85B32E8E7542A02D8220B6E32F6
:10126000E3E7B2F5AA7F02D8E20B7732DDE740F27E
:1012700054518A429ABFA20C7C327E22D5E78968FB
:101280008E4204D04A6822F00302A242F7D8CE6808
:10129000D9E7F8BD300200203C06002004E200201F
:1012A0003802002001F10B03162B2DE9F74F0546FC
:1012B00006D933F0070704D50C232B600024A3E1E3
:1012C0001027B942F8D8284600F026FAB7F5FC7F77
:1012D000AF4E37D207F108023244A2F10801546838
:1012E0008C424FEAD70302D1D468A24210D063687F
:1012F000D4E9021223F00303CA60234491605A68C0
:1013000042F001025A60284600F00CFA08347BE1F2
:10131000023334699F498C4277D0626822F0030C13
:10132000ACEB07000F2848DDE21940F0010347F05D
:1013300001076760C6E90422C2E90211536044F85C
:101340000C00E0E77B0A2AD0042B12D8BB09383303
:101350005A1C06EBC202A2F1080C5468644506D080
:10136000626822F00302D01B0F281CDD013B013311
:10137000CFE7142B01D85B33EAE7542B02D83B0BA1
:101380006E33E5E7B3F5AA7F02D8FB0B7733DFE7CF
:1013900040F25452934204D8BB0C7C33D8E73F232D
:1013A000D6E77E23D4E70028E16804DBA368D96090
:1013B0008B60A318A3E70C46D0E70028C6E9041108
:1013C00007DBA444DCF8043043F00103CCF804301C
:1013D00099E7BCF5007F706880F095804FEADC02E9
:1013E0004FEA5C1E4FF0010C01320CFA0EFC4CEA85
:1013F0000000706056F832C006EBC2000838C4E93D
:1014000002C046F83240CCF80C40981001228240CD
:101410007068904226D3104206D123F00303520095
:10142000104203F10403FAD006EBC308C1469E46FE
:10143000D9F80C404C4540F0B9800EF1010E1EF079
:10144000030F09F10809F3D1980740F0E3807368AE
:1014500023EA0203736070685200904202D3002AAC
:1014600040F0E580D6F808A0DAF8043023F003094C
:10147000B94504D3A9EB07020F2A00F34181464B7B
:101480001968103139440820019101F003FC434AE6
:101490000199136801331FBF01F1FF31091843425D
:1014A000194080462846019101F0E4FB421C0AEBFA
:1014B000090B044600F0F78083450199374A02D9A9
:1014C000B24540F0F080364B1868A34500EB010EA2
:1014D000C3F800E008F1FF3C40F0AB801BEA0C0FC2
:1014E00040F0A780B268494441F0010151602D4AA3
:1014F0001B6811688B4288BF13602B4A11688B42AE
:1015000088BF1360CFE0BCF5206F4FEA5C2218D291
:101510004FEA9C12383202F1010E06EBC20856F86F
:101520003EE0F0452BD192104FF0010C0CFA02F284
:1015300002437260C4E902E8C8F80840CEF80C40E3
:1015400063E7142A01D85B32E5E7542A03D84FEA4F
:101550001C326E32DFE7B2F5AA7F03D84FEADC32E5
:101560007732D8E740F2545E72459ABF4FEA9C4208
:101570007C327E22CFE7DEF808E0F04505D0DEF8C9
:10158000042022F003026245F5D8DEF80C80D1E792
:10159000300200203802002004E20020380600203B
:1015A000D4E10020FCE1002000E200206068D4F8D3
:1015B0000CC020F00300A0EB070ABAF10F0F12DDF8
:1015C000A368E21947F001076760C3F80CC0CCF8C4
:1015D00008304AF00103C6E90422C2E9021153604F
:1015E00044F800A08FE6BAF1000F11DB20444368F5
:1015F00043F00103436054F8083F2846C3F80CC089
:10160000CCF8083000F08EF8204603B0BDE8F08F2B
:1016100064460FE758F80809404503F1FF333FF4EB
:1016200013AF18E7043352001042FBD0FCE67346B8
:10163000FAE7106801301BBFA4EB0B0B0BEB0E029B
:1016400014601A6014F0070B1ABFCBF108002418BD
:101650005846621802EA0C018044A8EB010808EA27
:101660000C0841462846019201F004FB431C019AF4
:10167000284B07D1BBF1000F23D0ABF10800104479
:101680004FF000081A68B460001B4044424440F028
:101690000100B2451A6060603FF429AFB9F10F0F45
:1016A00012D801236360B3685B6823F00303BB4275
:1016B000A3EB070201D30F2A22DC284600F032F800
:1016C000FCE51046D846DDE7DAF80420A9F10C095C
:1016D00029F0070902F0010242EA0902CAF80420CF
:1016E00005210AEB0902B9F10F0FC2E901117FF6DA
:1016F000FEAE0AF108012846FFF714FD054BF6E699
:10170000B46847F00103274442F001026360B76008
:101710007A60F8E5D4E100200148FEF710BE00BF72
:10172000D1E100200148FEF710BE00BFD1E100204A
:10173000436C70B505460C467BB16B6C53F82400C6
:10174000A0B9012101FA04F6721D9200284601F0A9
:10175000D0FA48B1C0E901460BE02122042101F092
:10176000C8FA68640028E8D1002070BD026843F818
:1017700024200023C0E90333F7E731B1436C4A6802
:1017800053F82200086043F8221070472DE9F04119
:101790000D6907460C461E4601F1140C0020DCF8CA
:1017A000003099B202FB01611E0C0B0C02FB0633E8
:1017B00089B2013001EB034185424CF8041B4FEA2A
:1017C0001346ECDC0EB3A368AB4219DC6168384603
:1017D0000131FFF7ADFF804628B902460C4B0D489A
:1017E000BA2101F063FA2269023204F10C0192007D
:1017F0000C30FDF77FF921463846FFF7BEFF44461F
:1018000004EB850301355E6125612046BDE8F0816A
:10181000B27E01081B7F01082DE9F8430C461546EE
:101820001F4609220833064693FBF2F300210122EA
:101830009A4209DB3046FFF77BFF40B90246194B5D
:101840001948D32101F032FA52000131F0E7089B28
:101850004361092D4FF00103036116DD04F109090D
:10186000C8462C4418F8013B0146303B0A2230465A
:10187000FFF78CFFA045F5D1A5F108044C442D1BC2
:101880006319BB4204DBBDE8F8830A340925F6E797
:1018900014F8013B0146303B0A223046FFF776FF41
:1018A000EEE700BFB27E01081B7F0108030C1B049A
:1018B000D3B90004102310F07F4F04BF0002083397
:1018C00010F0704F04BF0001043310F0404F04BF0C
:1018D00080000233002805DB10F0804F03F1010384
:1018E00008BF2023184670470023E4E7036813F07D
:1018F00007020CD0D90722D49A0749BF5B089B087E
:10190000036001225CBF036002221046704799B257
:1019100009B91B0C1022D9B209B908321B0A1907E0
:1019200004BF1B090432990704BF9B080232D90780
:1019300003D45B0802F1010203D00360E5E7002253
:10194000E3E72022E1E7000010B50C460121FFF794
:10195000EFFE024628B9054B054840F2451101F05B
:10196000A5F901234461036110BD00BFB27E0108E7
:101970001B7F01082DE9F04F91460A69D9F8103014
:101980009A42B8BF0B460C46BCBF4C4699462769E5
:10199000D9F810A0A368616807EB0A06B34285B0C6
:1019A000B8BF0131FFF7C4FE30B90246444B454889
:1019B0004FF4B17101F07AF900F1140505EB8608D6
:1019C0002B460022434521D304F1140303EB870780
:1019D00009F1140303EB8A0202923A1B153A22F032
:1019E0000302043204F115018F4238BF0422019230
:1019F000029A03939A420CD8002E03DD58F8043D56
:101A0000002B5BD0066105B0BDE8F08F43F8042BD6
:101A1000D8E7B3F800A0BAF1000F24D004F1140EF7
:101A2000A9464FF0000C5EF8042BD9F800101FFAFD
:101A300082FB89B20AFB0B114FEA124BD9F8002046
:101A400061444FEA124C0AFB0BC202EB114289B20D
:101A500041EA0241774549F8041B4FEA124CE2D8AB
:101A6000019A45F802C0039AB2F802900433B9F122
:101A7000000F21D0296804F1140CAE464FF0000A83
:101A8000BCF800B0BEF8022009FB0B22524489B218
:101A900041EA02414EF8041B5CF8041B4FEA114A6C
:101AA000BEF8001009FB0A1101EB124167454FEA2D
:101AB000114AE5D8019AA950043599E7013E9BE700
:101AC000B27E01081B7F01082DE9F843154612F08C
:101AD000030206460F4607D01A4C013A002354F879
:101AE0002220FFF753FE0746AD1027D0346C44B9CF
:101AF00040F271213046FFF727FF0023306404468F
:101B000003604FF00009EB070AD5394622463046FC
:101B1000FFF730FF394680463046FFF72EFE474636
:101B20006D100BD0206838B9224621463046FFF7A9
:101B300021FF2060C0F800900446E4E73846BDE885
:101B4000F88300BF908001082DE9F0470C464968F2
:101B5000236903EB6218A368074691464FEA621AAD
:101B600008F10106B3420BDB3846FFF7E1FD0546FD
:101B700048B90246284B29484FF4EF7101F096F816
:101B800001315B00EEE7002300F1140100F11002C7
:101B90001846534533DB20692AEAEA7A04F1140334
:101BA00019F01F0901EB8A0103EB800C2BD0C9F15E
:101BB000200E8A460022186800FA09F010434AF8FD
:101BC000040B53F8042B9C4522FA0EF2F3D8ACEB2D
:101BD0000403153B23F00303043304F1150084458B
:101BE00038BF0423CA500AB108F10206013E384644
:101BF0002E612146FFF7C1FD2846BDE8F08742F877
:101C0000040F0133C5E7043953F8042B41F8042FBE
:101C10009C45F9D8EAE700BFB27E01081B7F0108A6
:101C200030B502690C69121B0ED100F11403143196
:101C300003EB840001EB840150F8045D51F8044D7E
:101C4000A54203D005D30122104630BD8342F3D311
:101C5000FAE74FF0FF32F7E72DE9F84F0C4606465A
:101C6000114620469046FFF7DBFF051E10D129469E
:101C70003046FFF75DFD30B93A4B024640F237215E
:101C8000394801F013F80123C0E90435BDE8F88FA5
:101C9000A4BF4346A0463046D8F80410A6BF1C4651
:101CA00000250125FFF744FD20B92E4B024640F2E6
:101CB0004521E5E7D8F810702669C56004F11409DC
:101CC00008F1140500F1140E05EB870C09EB8606EC
:101CD00008F11002F246002159F8043B52F804BF03
:101CE00011FA8BF899B21B0CA8EB0108C3EB1B434C
:101CF00003EB28431FFA88F819144E4548EA0343BA
:101D00004AF8043BE8D8331B153B23F003030433A4
:101D10001534A64238BF04231D4473449E462E4604
:101D200066450ED30CF10302521B22F00302033D61
:101D3000AC4538BF0022134453F8042D7AB1076133
:101D4000A4E756F8048B11FA88F2141404EB184433
:101D500092B242EA04424EF8042B2114E0E7013F1C
:101D6000EAE700BFB27E01081B7F010882B08DED5B
:101D7000000B019A0F4B1340A3F15073002B08DCAA
:101D80005B42B3F1A07F4FEA235204DA4FF4002301
:101D90001341002208E0A2F114031E2BDABF4FF01A
:101DA0000042DA40012200231946104641EC100B94
:101DB00002B070470000F07F2DE9F041066900F1A4
:101DC000140808EB8606371F56F8042C1046FFF758
:101DD0006DFDC0F120030A280B601B4915DCC0F122
:101DE0000B0C22FA0CF3B84543EA010534BF56F850
:101DF000083C0023153002FA00F023FA0CF30343E9
:101E00001C4645EC104BBDE8F081B8453ABF56F88A
:101E1000083CA6F1080700230B3812D0C0F12001BE
:101E200023FA01F482402243474542F07F558CBF9C
:101E300057F8042C00228340CA4045F44015134350
:101E4000DEE742EA0105DBE70000F03F2DE9F7435A
:101E50000F46012159EC108B1646FFF769FC04462A
:101E600030B90246244B254840F20F3100F01EFFE6
:101E7000C9F30A55C9F313032DBB0193B8F100034D
:101E800026D068460093FFF731FDDDE90012E8B186
:101E9000C0F1200302FA03F30B43C24063610192D5
:101EA000019BA361002B14BF022201222261BDB15C
:101EB000A5F2334505443D60C0F135003060204651
:101EC00003B0BDE8F08343F48013D6E76161E7E730
:101ED00001A8FFF70BFD019B636120300122E5E7BC
:101EE00004EB8203A0F2324038601869FFF7DEFC91
:101EF000C0EB4210E2E700BFB27E01081B7F010881
:101F00002DE9F74F884669468146FFF755FF01A93D
:101F1000404655EC104BFFF74FFFD9F81030D8F87A
:101F20001020A3EB020CDDE900329B1A03EB4C13EB
:101F300051EC100B002BD6BF0A462A46C3EB0333E5
:101F40008B462F46D4BF02EB035B02EB03572046C0
:101F500010EE102A5B463946FCF7F2F841EC100B04
:101F600003B0BDE8F08F00001728D0B5044607DCA9
:101F7000094B03EBC003D3E9000141EC100BD0BDCA
:101F80000649074F0020002632463B46FBF7AEFFCE
:101F9000013CF9D1F1E700BFA07F01080000F03F4C
:101FA00000002440013970B549111469013102F172
:101FB000140300EB810103EB8404051FA3420CD33F
:101FC000A31A113B23F003031132A24288BF00235E
:101FD00018440023884205D370BD53F8046B45F8BC
:101FE000046FEBE740F8043BF4E700F114020069EA
:101FF0004B11984210B511DB0ADD11F01F0107D01B
:1020000052F8234024FA01F000FA01F18C420BD17E
:1020100002EB8303934203D8002010BD0346F7E789
:1020200053F8041D0029F5D00120F6E72DE9F74FFC
:1020300013680193936880460C461746002B57D1CE
:10204000002000237B6003B0BDE8F08F019BD3E943
:1020500000AB08330193A6682068BBF1000FF5D0F0
:10206000B3452DD3A28912F4906F29D021696569F7
:10207000A0EB010905EB450505EBD57509F101005C
:102080006D105844854238BF0546530534D529465E
:102090004046FFF707F90646002838D04A4621692E
:1020A000FCF728FDA28922F4906242F08002A2810E
:1020B000266165614E44A5EB09052660A5605E4674
:1020C0005E4528BF5E46324651462068FCF7B6FCA6
:1020D000A268921BA260226832442260BA68A2EB16
:1020E0000B03DA44BB60002BAAD04FF0000BB2E721
:1020F0004FF0000AD346AEE72A46404600F04AFEBB
:1021000006460028D4D121694046FFF70BF80C237E
:10211000C8F80030A38943F04003A3810023BB60CB
:102120004FF0FF308DE700002DE9F04F2DED028BD1
:102130001C468B89BBB01D0681468B46029218D582
:102140000B69B3B94021FFF7ADF8CBF80000CBF82D
:10215000100058B90C23C9F800304FF0FF33039337
:1021600003983BB0BDEC028BBDE8F08F4023CBF869
:1021700014300023CDE90F33CDE9063311AE08EE5C
:10218000103A0E9608930393029B1D4613F8012BF9
:102190000AB1252AF9D1029A109BAF1A0CD03B4400
:1021A00010930F9B0133072BC6E900270F9376DCB2
:1021B0000836039B3B4403932B78002B00F0CB8322
:1021C00000234FF0FF3201358DF833300192049334
:1021D0009A462A4612F8013B0292A3F120025A2A9B
:1021E00000F21F83DFE812F07E001D031D0386004E
:1021F0001D031D031D0365001D031D0389009300BE
:102200001D03900095001D03B000B300B300B300A0
:10221000B300B300B300B300B300B3001D031D034C
:102220001D031D031D031D031D031D031D03DD00F1
:10223000EB001D031D031D031D031D031D031D03D3
:102240001D031D031D033B011D031D031D03800111
:102250001D035E021D031D037E021D031D031D03DE
:102260001D031D031D031D031D031D031D03DD00B1
:10227000ED001D031D031D03C300ED00D7001D036A
:10228000D0001D0319013D017201D7001D0380011B
:102290007C0060021D031D039A021D037C000EAA30
:1022A00059464846FFF7C2FE002840F0398311AE78
:1022B0007FE74846FDF7C2FF4368184608EE103A2C
:1022C000FBF726FB08904846FDF7B8FF83680793A5
:1022D000089B2BB1079B1BB11B780BB14AF4806A9A
:1022E000029D76E79DF83330002BF9D120238DF83D
:1022F0003330F5E74AF0010AF2E754F8043B04935F
:10230000002BEDDA5B4204934AF0040AE8E72B2342
:10231000EDE7029A12F8013B2A2B12D154F8043B44
:1023200043EAE373CDE90132DAE7019B0A2000FBBF
:102330000313019312F8013BA3F130010929F4D9E9
:102340004AE700210191F7E74AF0800AC8E7002137
:10235000029A04910499303B0A2000FB0133049354
:1023600012F8013BA3F130010929F3D934E7029BAC
:102370001B78682B01BF029B013302934AF4007A59
:1023800018BF4AF0400AABE7029B1B786C2B05D1C3
:10239000029B013302934AF0200AA1E74AF0100A97
:1023A0009EE7274657F8043B8DF8843000238DF8CC
:1023B0003330012201921D460DF18408A9E04AF054
:1023C000100A1AF0200F11D0073424F007031F461B
:1023D0005D6857F8084B002D06DA64424FF02D0374
:1023E00065EB45058DF8333001234AE027461AF0A6
:1023F000100F57F8045B02D02C46ED17EBE71AF0EC
:10240000400F03D02CB245F3C035E4E71AF4007F47
:10241000F2D06CB245F3C015DDE71AF0200F04F1DD
:10242000040707D0039A23680399D217C3E900125F
:102430003C46A9E61AF0100F03D02368039A1A60ED
:10244000F6E71AF0400F03D02368039A1A80EFE7EB
:102450001AF4007FF1D02368039A1A70E8E74AF073
:10246000100A1AF020031FD0073424F007031F4678
:102470005D6857F8084B2AF4806A002300228DF823
:102480003320019A013200F06F822AF08002059217
:1024900054EA050240F06E82019A002A00F0B681EB
:1024A000012B40F06A8251E127461AF0100557F8D7
:1024B000044B01D01D46DEE71AF0400301D0A4B260
:1024C000D9E71AF40075D6D0E4B2F3E7274647F609
:1024D0003003ADF8343057F8044B9F4B069300257A
:1024E0004AF0020A0223C9E7019B27460025581C2F
:1024F00057F8048B8DF8335000F0CF801A462946E8
:102500004046FBF7B5F9002800F09581A0EB0803E1
:102510000193019BAB42B8BF2B4605939DF8333026
:1025200013B1059B013305931AF0020309931EBFF3
:10253000059B023305931AF084030A931FD1DDE94A
:1025400004329C1A002C1ADDDDE90F32834830601A
:10255000102C03F1010306F1080100F36E81746091
:10256000072B1444CDE90F3440F379810EAA594664
:102570004846FFF75BFD002840F0D28111AE9DF880
:102580003310DDE90F3261B10DF1330101333160F8
:1025900001210A44072BCDE90F32716000F36181FC
:1025A00008360999DDE90F3259B10DA901333160BF
:1025B00002210A44072BCDE90F32716000F35A81E2
:1025C00008360A9B802B1FD1DDE904329C1A002CAF
:1025D0001ADDDDE90F3262483060102C03F101038F
:1025E00006F1080100F34F812244072BCDE90F3299
:1025F000746040F35A810EAA59464846FFF716FD0B
:10260000002840F08D8111AE019BEC1A002C1ADDE0
:10261000534D3560DDE90F32102C03F1010306F153
:10262000080100F344817460072B1444CDE90F3492
:1026300040F34E810EAA59464846FFF7F7FC0028A2
:1026400040F06E8111AE019B019A7360109BC6F839
:102650000080134410930F9B0133072B0F9300F35B
:10266000398106F108031AF0040F40F03B81DDE9DF
:10267000033205998A42ACBF9B185B180393109BE9
:102680003BB10EAA59464846FFF7D0FC002840F05F
:10269000478100230F9311AECAE64046FBF738F995
:1026A000019036E74AF0100A1AF0200308D00734E8
:1026B00024F007031F465D6857F8084B0123DDE649
:1026C00027461AF0100557F8044B01D01D46F5E7D0
:1026D0001AF0400301D0A4B2F0E71AF40075EDD06F
:1026E000E4B2F3E71F4A06921AF0200218D007342A
:1026F00024F007021746556857F8084B1AF0010FE7
:1027000009D054EA05021FBF30228DF834208DF81D
:1027100035304AF0020A2AF4806AE3E60E4AE2E71C
:1027200027461AF0100557F8044B01D01546E5E787
:102730001AF0400201D0A4B2E0E71AF40075DDD02F
:10274000E4B2F3E70A2C75F100030DD230348DF8B2
:10275000E7400DF1E7082CE1617E01089C8001084B
:10276000AC800108727E01083AAB0993059B03F423
:1027700080634FF0000A0A930A220023204629466C
:10278000FBF78CFE0B4609990B90303201F8012CB7
:102790000A9A01F1FF380AF1010AEAB1079A1278A0
:1027A000524519D1BAF1FF0F16D00A2C75F100026B
:1027B00012D30993089BA8EB03081A4618EE101AC7
:1027C0004046FDF725FD079B5A78099B72B1079A91
:1027D000013207924FF0000A0A2C75F10005C0F093
:1027E000E8800B9CCDF824801D46C5E79246F3E7B0
:1027F00004F00F03069A2409D35C08F8013D44EA6B
:1028000005742D0954EA0503F2D1D2E033B91AF068
:10281000010F03D030238DF8E7309AE70DF1E80877
:10282000C7E0002B00F097808DF8843000238DF8EE
:1028300033302746BDE505466BE610200244072BE2
:10284000CDE90F32706007DD0EAA59464846FFF702
:10285000EDFB002864D111A9103C0E4674E60E462B
:102860008DE60EAA59464846FFF7E0FB002857D1EF
:1028700011AE96E60EAA59464846FFF7D7FB002848
:102880004ED111AE9DE610200244072BCDE90F3248
:10289000706007DD0EAA59464846FFF7C7FB0028BF
:1028A0003ED111A9103C0E4693E60E46ACE6102030
:1028B0000244072BCDE90F32706006DD0EAA59469F
:1028C0004846FFF7B3FB58BB11A9103C0E46A0E6E3
:1028D0000E46B8E60EAA59464846FFF7A7FBF8B9D8
:1028E00011ABC0E6DDE90421541A002C7FF7BFAE1E
:1028F000344D1026DDE90F21102C02F101021D607C
:1029000017DC5C60072A0C44CDE90F247FF7AFAEDB
:102910000EAA59464846FFF789FB00283FF4A7AEA8
:10292000BBF80C3013F0400F039B18BF4FF0FF3380
:1029300015E41031072ACDE90F215E6002DC08336F
:10294000103CD7E70EAA59464846FFF76FFB002810
:10295000E6D111ABF4E7109B002BE1D00EAA59464B
:102960004846FFF763FBDBE754EA0502CDF814A005
:102970003FF496AD012B3FF4E5AE022B0DF1E808D4
:102980003FF436AF04F00703E40844EA4574ED0869
:10299000303354EA0501424608F8013DF2D1059969
:1029A000C90706D5302B04D0302308F8013CA2F12A
:1029B00002083AABA3EB0803019DDDF814A00193D4
:1029C000A7E500BF9C80010870B506460C4611B90A
:1029D0000025284670BD18B1436B0BB9FDF76CFBA1
:1029E000636ED80705D4A389990502D4A06DFDF7BD
:1029F000A6FCB4F90C303BB9656E15F00105E7D1C2
:102A0000A06DFDF7A2FCE4E72146304600F03CF85B
:102A1000E36A054633B1E169304698470028B8BFFC
:102A20004FF0FF35A3891A0603D521693046FEF71A
:102A300079FB216B41B104F14003994202D0304649
:102A4000FEF770FB00232363616C21B13046FEF773
:102A500069FB00236364FDF7CFFA0023A381636E53
:102A6000DB0702D4A06DFDF770FCA06DFDF765FCDF
:102A7000FDF7C8FAADE70000024B01461868FFF702
:102A8000A3BF00BF200200208B89B1F90C202DE9E3
:102A9000F041054618070C465FD44B6842F40062CB
:102AA000002B8A8105DCCB6B002B02DC0020BDE80B
:102AB000F081A66A002EF9D0002312F480522F680C
:102AC000E1692B6036D0206DA3895A0705D563686C
:102AD000C01A236B0BB1E36BC01A00230246A66A2F
:102AE000E1692846B047431CA38906D129681D29FE
:102AF0002FD82B4A0A41D6072BD423F400631BB2EC
:102B000000226260D9042269A381226004D5421C9C
:102B100001D12B6803B92065216B2F600029C5D036
:102B200004F14003994202D02846FEF7FBFA002048
:102B30002063BCE701232846B047411CC4D12B6861
:102B4000002BC1D01D2B01D0162B01D12F60ADE77A
:102B5000A38943F04003A381A9E70F69002FA5D003
:102B60009B070E6808BF4B690F6018BF0023A6EBD8
:102B700007088B60B8F1000F98DDE169666A43468B
:102B80003A462846B047002806DCA38943F04003B4
:102B9000A3814FF0FF308AE70744A8EB0008E9E77C
:102BA000FEFFBFDF38B50C46054618B1436B0BB9C5
:102BB000FDF782FAB4F90C30BBB1626ED00704D4D1
:102BC000990502D4A06DFDF7BAFB28462146FFF710
:102BD0005BFF636EDA07054605D4A3899B0502D423
:102BE000A06DFDF7B2FB284638BD1D46FBE700008F
:102BF000014620B9044A05490548FDF791BA054B3D
:102C00001868FFF7CFBF00BF24020020A52B0108E2
:102C1000000100202002002010B514460AB90B481C
:102C200010BD0B491046FAF717FE0028F7D00749E8
:102C30002046FAF711FE0028F1D006492046FAF79F
:102C40000BFE0028EBD00020EAE700BFBC800108A3
:102C5000BE80010801810108014B93F828017047EB
:102C600040060020024B0A4601461868FFF7D4BF11
:102C70002002002038B5064D0023044608462B608C
:102C8000EDF77CFE431C02D12B6803B1236038BDF5
:102C9000C8E10020082808B506D0FBF701FF16237D
:102CA00003604FF0FF3008BD8020FCE71FB51446DD
:102CB0001A46094B1B680546D8684CB1074B009172
:102CC000CDE9013406492B4600F030FA01F072F9E3
:102CD000044B1C46F3E700BF20020020C680010819
:102CE000D38001080181010808B513460022FFF7CF
:102CF000DDFF38B5A1FB02152DB9FEF7D3FA044666
:102D000038B9204638BDFBF7CBFE0C230360002406
:102D1000F7E750F8042C22F00302043A242A19D8C9
:102D2000132A15D91B2AC0E9005506D800F108035B
:102D30000022C3E900229A60E3E7242AC0E9025591
:102D400011BF00F11003056100F118034561EFE7C1
:102D50000346EDE72946FDF746FAD2E710B4034CE7
:102D6000D4F8E440A4465DF8044B604740060020D8
:102D700082B001B901A942B14BB113780B6012784E
:102D8000101E18BF012002B070471046FBE76FF01D
:102D90000100F8E72DE9F74F82460C4629B91146A4
:102DA00003B0BDE8F04FFEF77DBA0192FEF7B4FC28
:102DB000019A54F8045C02F10B08B8F1160F0BD914
:102DC00038F007080AD50C23CAF800304FF0000B82
:102DD000584603B0BDE8F08F4FF010089045F2D38D
:102DE00025F00306B045A4F1080940F370819C4921
:102DF000D1F808C009EB06039C45596805D021F0BD
:102E0000010018444068C70747D421F003019C45DE
:102E100006EB010719D108F11000B8423FDC09EBBD
:102E200008038F4AA7EB080747F0010793605F602C
:102E300054F8043C03F0010343EA080344F8043C5B
:102E40005046FEF76FFCA346C2E7B84527DCD3E93E
:102E50000232DA609360D9F80430A7EB08000F283B
:102E600003F0010309EB070240F2338109EB08018B
:102E700048EA030340F00100C9F804304860536891
:102E800043F00103536008315046FEF74BF95046BA
:102E9000FEF748FC09F1080B9AE700210B46E8070A
:102EA00000F1C68054F8085CA9EB0505686820F0BD
:102EB000030000EB060B002B00F086809C4501EB25
:102EC0000B0749D108F11003BB427DDCAB46EB6830
:102ED0005BF8082FD3609A60321F242A37D8132A50
:102EE00033D92368AB606368EB601B2A1BD80834B6
:102EF00005F1100322681A6062685A60A2689A603D
:102F000005EB0803564AA7EB080747F00107936053
:102F10005F606B6803F0010343EA08036B6050468F
:102F2000FEF700FC54E7A3682B61E3686B61242A79
:102F300001BF2369AB616269EA6119BF103405F111
:102F4000180305F120031834D4E75B46D2E7214685
:102F50005846FBF773FDD3E7B84535DCD3E90232B9
:102F60002846DA60936050F8082FEB68D3609A60C7
:102F7000321F242A24D8132A08D92368AB60636837
:102F8000EB601B2A0AD8083405F11000236803609F
:102F900063684360A3688360A9465CE7A3682B610C
:102FA000E3686B61242A01BF2369AB616369EB614C
:102FB00019BF103405F1180005F120001834E5E7B9
:102FC0002146FBF73BFDE7E7D84531DC2846EB68B7
:102FD00050F8082FD3609A60321F242A24D8132A6D
:102FE00008D92368AB606368EB601B2A0AD80834F1
:102FF00005F110002368036063684360A368836081
:103000005F46C9E7A3682B61E3686B61242A01BFAF
:103010002369AB616369EB6119BF103405F11800D6
:1030200005F120001834E5E72146FBF707FDE7E747
:1030300011465046FEF736F9834600283FF46FAF3D
:1030400054F8043C23F001034B44A0F108029342DE
:1030500008D150F8047C27F003073744FBE600BF93
:1030600030020020321F242A2DD8132A28D92368A1
:103070000360636843601B2A0ED804F1080200F164
:103080000803116819605168596092689A60214676
:103090005046FEF747F842E7A3688360E368C360E1
:1030A000242A01BF236903616169416119BF04F1E9
:1030B000100200F1100304F1180200F11803E0E718
:1030C00003462246DDE72146FBF7B8FCDFE737463B
:1030D000C1E61F43C9F80470536843F0010353600D
:1030E000D5E600BF10B4034CD4F8E040A4465DF828
:1030F000044B60474006002049B1FF2A85BF8A2360
:1031000003600A704FF0FF3098BF012070470846F7
:1031100070470CB407B504AB53F8042B019300F0CF
:1031200049F803B05DF804EB02B070470EB403B584
:10313000014603AB054853F8042B0068019300F0E7
:1031400039F802B05DF804EB03B0704720020020AC
:103150002DE9F84F936880460F46144643B34B6EF3
:103160009D0422D51568083555E902B64FF00009CF
:103170004FEA960ACA450DDCA36826F00306981BA1
:10318000A06008350028EFD10023A360002363600E
:10319000BDE8F88F5BF829103A46404600F0C9FEBA
:1031A000431CF1D009F10109E4E700F0DFFCEBE793
:1031B0001846EBE72DE9F04F2DED028BBBB00F4623
:1031C00001921D461C46814618B1436B0BB9FCF7B2
:1031D00073FF7B6ED80705D4BB89990502D4B86DFF
:1031E000FDF7ADF8B7F90C309A0406D443F4005358
:1031F000BB817B6E23F400537B66BB891E0701D520
:103200003B69BBB93946484600F0FAFD90B17B6E88
:10321000D80708D54FF0FF33029302983BB0BDECBE
:10322000028BBDE8F08FBB899905F3D4B86DFDF72B
:103230008CF8EFE7BB8903F01A020A2A16D1B7F916
:103240000E20002A12DB7A6ED20704D49E0502D427
:10325000B86DFDF77AF8019A2B46394648463BB0DF
:10326000BDEC028BBDE8F04F00F040BC0023CDE97F
:103270000F33CDE9053311AE08EE103A0E960793E1
:103280000293019B1D4613F8012B0AB1252AF9D19F
:10329000019BB5EB03080DD0C6E90038109B4344F1
:1032A00010930F9B0133072B0F9376DC0836029B9C
:1032B000434402932B78002B00F0D08300234FF07F
:1032C000FF3201358DF83330009203939A462A4637
:1032D00012F8013B0192A3F120025A2A00F21C834A
:1032E000DFE812F07E001A031A0386001A031A039D
:1032F0001A0365001A031A03890093001A03900049
:1033000095001A03B000B300B300B300B300B300DC
:10331000B300B300B300B3001A031A031A031A036D
:103320001A031A031A031A031A03DD00EB001A0327
:103330001A031A031A031A031A031A031A031A03A5
:103340001A033B011A031A031A0380011A035E02CF
:103350001A031A037E021A031A031A031A031A0322
:103360001A031A031A031A031A03DD00ED001A03E5
:103370001A031A03C300ED00D7001A03D0001A0382
:1033800019013D017201D7001A0380017C0060021F
:103390001A031A039A021A037C000EAA39464846F9
:1033A000FFF7D6FE002840F0388311AE7FE748468D
:1033B000FCF744FF4368184608EE103AFAF7A8FAFB
:1033C00007904846FCF73AFF83680693079B2BB1AA
:1033D000069B1BB11B780BB14AF4806A019D76E70E
:1033E0009DF83330002BF9D120238DF83330F5E7E9
:1033F0004AF0010AF2E754F8043B0393002BEDDA9C
:103400005B4203934AF0040AE8E72B23EDE7019AB5
:1034100012F8013B2A2B12D154F8043B43EAE37320
:10342000CDE90032DAE7009B0A2000FB031300938A
:1034300012F8013BA3F130010929F4D94AE7002130
:103440000091F7E74AF0800AC8E70021019A03914A
:103450000399303B0A2000FB0133039312F8013B30
:10346000A3F130010929F3D934E7019B1B78682BBC
:1034700001BF019B013301934AF4007A18BF4AF05F
:10348000400AABE7019B1B786C2B05D1019B0133F4
:1034900001934AF0200AA1E74AF0100A9EE7A046ED
:1034A00058F8043B8DF8843000238DF83330012226
:1034B00000921D460DF1840BA9E04AF0100A1AF0A3
:1034C000200F11D0073424F0070398465D6858F8A0
:1034D000084B002D06DA64424FF02D0365EB4505DD
:1034E0008DF8333001234AE0A0461AF0100F58F847
:1034F000045B02D02C46ED17EBE71AF0400F03D027
:103500002CB245F3C035E4E71AF4007FF2D06CB278
:1035100045F3C015DDE71AF0200F04F1040807D0C9
:10352000029A23680299D217C3E900124446A8E61A
:103530001AF0100F03D02368029A1A60F6E71AF007
:10354000400F03D02368029A1A80EFE71AF4007F35
:10355000F1D02368029A1A70E8E74AF0100A1AF0CC
:1035600020031FD0073424F0070398465D6858F8FD
:10357000084B2AF4806A002300228DF83320009A39
:10358000013200F078822AF08002049254EA0502A7
:1035900040F07782009A002A00F0B381012B40F0BE
:1035A000738251E1A0461AF0100558F8044B01D07F
:1035B0001D46DEE71AF0400301D0A4B2D9E71AF4A1
:1035C0000075D6D0E4B2F3E7A04647F63003ADF875
:1035D000343058F8044B9F4B059300254AF0020AFB
:1035E0000223C9E7009BA04600255C1C58F804BBD9
:1035F0008DF8335000F0CF801A4629465846FAF726
:1036000037F9002800F09281A0EB0B030093009B98
:103610009DF83320AB42B8BF2B4604930AB1013367
:1036200004931AF0020308931EBF049B0233049311
:103630001AF0840309931FD1DDE903329C1A002C90
:103640001ADD854B3360DDE90F2C102C02F10102ED
:1036500006F1080000F36C817460072A6444CDE928
:103660000F2440F378810EAA39464846FFF770FDD3
:10367000002840F0D28111AE9DF83300DDE90F2122
:1036800060B10DF133000132306001200144072A9E
:10369000CDE90F21706000F360810836089BDDE9F9
:1036A0000F215BB10DA80132306002200144072ACE
:1036B000CDE90F21706000F359810836099B802BFA
:1036C0001FD1DDE903329C1A002C1ADD634B3360F5
:1036D000DDE90F2C102C02F1010206F1080000F3C5
:1036E0004E817460072A6444CDE90F2440F35A8167
:1036F0000EAA39464846FFF72BFD002840F08D8181
:1037000011AE009BEC1A002C1BDD544D1023DDE99B
:103710000F21102C02F1010206F10800356000F3C0
:1037200043817460072A0C44CDE90F2440F34D8196
:103730000EAA39464846FFF70BFD002840F06D8180
:1037400011AE009B009A7360109BC6F800B0134442
:1037500010930F9B0133072B0F9300F3388106F171
:1037600008031AF0040F40F03A81DDE902320499AF
:103770008A42ACBF9B185B180293109B3BB10EAA08
:1037800039464846FFF7E4FC002840F04681002314
:103790000F9311AECAE65846FAF7BAF8009036E72A
:1037A0004AF0100A1AF0200308D0073424F0070367
:1037B00098465D6858F8084B0123DDE6A0461AF0EC
:1037C000100558F8044B01D01D46F5E71AF04003E8
:1037D00001D0A4B2F0E71AF40075EDD0E4B2F3E73B
:1037E0001F4A05921AF0200218D0073424F007026D
:1037F0009046556858F8084B1AF0010F09D054EA62
:1038000005021FBF30228DF834208DF835304AF084
:10381000020A2AF4806AE3E60E4AE2E7A0461AF0BA
:10382000100558F8044B01D01546E5E71AF04002A0
:1038300001D0A4B2E0E71AF40075DDD0E4B2F3E7FA
:103840000A2C75F100030DD230348DF8E7400DF1EC
:10385000E70B35E1617E0108028101081281010850
:10386000727E01083AAB0893049B03F480634FF027
:10387000000A09930A22002320462946FAF70EFE81
:10388000089B303203F1FF3B03F8012C099BCDE983
:103890000A010AF1010AD3B1069B1A78524516D1E2
:1038A000BAF1FF0F13D00A2C75F100020FD3079B5A
:1038B000ABEB030B1A4618EE101A5846FCF7A8FC9F
:1038C000069B5A786AB1013306934FF0000A0A2C1E
:1038D00075F10005C0F0F480DDE90A45CDF820B0AF
:1038E000C8E79246F3E704F00F02059B24099A5CAF
:1038F0000BF8012D44EA05742D0954EA0502F2D1B2
:10390000DEE033B91AF0010F03D030238DF8E73031
:103910009DE70DF1E80BD3E0002B00F09F808DF8C0
:10392000843000238DF83330A046C0E505466EE6AE
:1039300010217160072A6144CDE90F2108DD0EAA2C
:1039400039464846FFF704FC002866D1604B11A8B1
:10395000103C064676E606468EE60EAA39464846EE
:10396000FFF7F6FB002858D111AE97E60EAA3946AC
:103970004846FFF7EDFB00284FD111AE9EE610211F
:103980007160072A6144CDE90F2108DD0EAA39468E
:103990004846FFF7DDFB00283FD14E4B11A8103CF5
:1039A000064694E60646ACE61031072ACDE90F211B
:1039B000736007DD0EAA39464846FFF7C9FB60BBB6
:1039C00011A81023103C0646A1E60646B9E60EAA49
:1039D00039464846FFF7BCFBF8B911ABC1E6DDE953
:1039E0000321541A002C7FF7C0AE394D1026DDE9B3
:1039F0000F21102C02F101021D601DDC5C60072A02
:103A00000C44CDE90F247FF7B0AE0EAA39464846E4
:103A1000FFF79EFB00283FF4A8AE7B6ED90705D4C4
:103A2000BB899A0502D4B86DFCF78FFCBB895B0695
:103A30007FF5F3ABFFF7EEBB1031072ACDE90F217D
:103A40005E6002DC0833103CD1E70EAA39464846D6
:103A5000FFF77EFB0028E0D111ABF4E7109B13B910
:103A600000230F93D9E70EAA39464846FFF770FBAB
:103A70000028F5D0D1E754EA0502CDF810A03FF4B4
:103A80008DAD012B3FF4DCAE022B0DF1E80B3FF4C2
:103A90002AAF04F00702E40844EA4574ED08303226
:103AA00054EA050059460BF8012DF2D1049BD807C2
:103AB00006D5302A04D030220BF8012CA1F1020BDC
:103AC0003AABA3EB0B03009DDDF810A000939EE53D
:103AD000028101081281010813460A460146024884
:103AE0000068FFF767BB00BF2002002070B50C46DE
:103AF0008989ADF58E6D21F00201ADF81410616E6B
:103B00001B91E189ADF81610E1690991616A0B9189
:103B10001CA9029106914FF4806106460491079119
:103B200018A80021CDE900320891FCF704FCDDE97A
:103B3000003202A93046FFF73DFB051E07DB02A954
:103B40003046FFF72FF8002818BF4FF0FF35BDF8BB
:103B5000143018985B0642BFA38943F04003A38149
:103B6000FCF7EBFB28460DF58E6D70BD93682DE9D3
:103B7000F74F06460C4691461BB9002003B0BDE83E
:103B8000F08F8B8918074FD50B69002B4CD0A38978
:103B9000D9F8008013F002076BD113F0010300F095
:103BA0009B803846BA46BB46BBF1000F00F002814D
:103BB00050B95A460A215046F9F75AFE002800F03B
:103BC000FF800130A0EB0A0720682169A5686369BE
:103BD0005F453A4628BF5A46884240F2F4801D4469
:103BE000AA4240F3F08051462A46FAF727FF23689D
:103BF0002B44236021463046FEF7D4FF002866D1CF
:103C00007F1B40F0F88021463046FEF7CBFF0028AE
:103C10005DD1D9F808305B1BAA44ABEB050BC9F8A2
:103C20000830002BC0D1A8E72146304600F0E8F864
:103C30000028ACD04FF0FF30A0E7D8E900A508F18C
:103C40000808D4F824B0E169002DF6D0BD422B4617
:103C5000524628BF3B463046D847002837DDD9F8C2
:103C600008301B1A82442D1AC9F80830002BE8D1FD
:103C700083E74FF0000A614F5546E2E7D8E9007A42
:103C800008F108082068A268BAF1000FF6D0A389ED
:103C9000990563D5524536D813F4906F33D0216916
:103CA0006569A0EB010B05EB450505EBD5750BF13F
:103CB00001026D105244954238BF15465B053DD553
:103CC00029463046FDF7EEFA48B90C233360A38944
:103CD00043F04003A381ADE71F469A46D2E75A4618
:103CE00021690190FAF706FFA289019B22F49062F4
:103CF00042F08002A281236165615B44A5EB0B0564
:103D000023605246A560524528BF52462068019262
:103D10003946FAF793FEA368019A9B1AA3602368B9
:103D2000134455462360D9F808305B1B2F44AAEB97
:103D3000050AC9F80830002BA4D11EE72A463046F0
:103D4000FFF728F803460028D5D121693046FDF752
:103D5000E9F9A38923F08003A381B6E723698342AD
:103D600002D36169514515D9524528BF524639469B
:103D70001546FAF763FEA36822685B1B2A44A3601A
:103D80002260002BCFD121463046FEF70BFF0028E2
:103D9000C9D09CE76FF000439A4538BF5346656A27
:103DA00093FBF1F33A464B433046E169A847051EC1
:103DB000B9DC8CE7D8E900AB002008F10808F3E68D
:103DC0000BF1010700E7934208DC656AE16952469E
:103DD0003046A847051E3FF713AF78E751460192DA
:103DE000FAF72CFE019AA3689B1AA3602368134478
:103DF0002360154604E701200BE700BF00FCFF7FAE
:103E000038B52A4B054618680C4618B1436B0BB9F8
:103E1000FCF752F9A389B4F90C20180722D4D9066B
:103E200007D409232B6042F04003A3814FF0FF30F9
:103E300034E0580712D5216B41B104F14003994297
:103E400002D02846FDF76EF900232363A38923F0EF
:103E50002403A3810023636023692360A38943F0C3
:103E60000803A38123694BB9A38903F42073B3F535
:103E7000007F03D02146284600F0ECF8A089B4F971
:103E80000C2010F001030AD00023A36063695B4299
:103E9000A361236943B910F08000C4D138BD810704
:103EA00058BF6369A360F4E70020F7E72002002011
:103EB0002DE9F74380460E461546FEF7CDFE012854
:103EC0001CD1731EFE2B19D88DF804600446002700
:103ED0000DF10409A74220D0AB6817F80910013B87
:103EE000002BAB6004DAAA6993421ADB0A2918D0C6
:103EF0002B685A1C2A6019700137EBE701A905F1FC
:103F00005C033246404600F05DF8411C0446DED1B9
:103F1000AB8943F04003AB810646304603B0BDE8B1
:103F2000F0832A46404600F0D1F8421CE4D1064610
:103F3000F3E7536E37B51446DA07054607D4A3896D
:103F40009B0504D4A06D0191FCF7F9F90199B4F92E
:103F50000C30980406D443F40053A381636E43F4F9
:103F60000053636622462846FFF7A2FF636EDA0716
:103F7000054605D4A3899B0502D4A06DFCF7E5F99D
:103F8000284603B030BD0000094B37B51C68054614
:103F90000A4634B1636B23B920460191FCF78CF8D3
:103FA000019A2946204603B0BDE83040FFF7C1BF63
:103FB0002002002008B5062000F05AF9012004F084
:103FC000B1F80000F0B5094C85B0D4F8E0700546B2
:103FD0001E4609B90A4601A9B847431C01BF002380
:103FE00033608A232B6005B0F0BD00BF400600207F
:103FF00013460A46014602480068FFF7E3BF00BFC8
:104000002002002070B50C46B1F90E10002996B0C0
:1040100015461E4607DAA18911F0800117D000214C
:10402000402308460FE06A4600F040F90028F2DB22
:10403000019901F47041A1F50053594259414FF4DF
:1040400000604FF4806331602B6016B070BD4FF498
:104050008063E6E78B8973B59D0706460C4607D556
:1040600004F14303236023610123636102B070BD47
:1040700001AB6A46FFF7C6FF009905463046FDF7DB
:1040800011F948B9B4F90C309A05EFD423F00303C1
:1040900043F00203A381E3E7A389206043F0800398
:1040A000A381009B6361019B20615BB1B4F90E1099
:1040B000304600F00DF928B1A38923F0030343F043
:1040C0000103A381A3891D43A581CFE7F8B50E465F
:1040D0001446054618B1436B0BB9FBF7EDFFA36916
:1040E000A360A389190729D523693BB3B4F90C3020
:1040F000F6B29A0437462AD523682269981A63696A
:10410000834204DC21462846FEF74CFDE0B9A36853
:10411000013BA36023685A1C22601E706269431C25
:104120009A4204D0A389DB0706D50A2E04D1214682
:104130002846FEF737FD38B93846F8BD21462846EF
:10414000FFF75EFE0028D1D04FF0FF37F4E743F4CD
:104150000053A381636E23F400536366CCE7000031
:10416000024B0A4601461868FFF7B0BF2002002044
:1041700038B5D0F8185104465DB98021FDF792F8A2
:10418000C4F8180138B1031F7C3043F8045F834240
:10419000FBD1002038BD4FF0FF30FBE71F2970B581
:1041A00004460D46164604D9162303604FF0FF302F
:1041B00008E0D0F8183133B1D4F8183153F825009D
:1041C00043F8256070BDFFF7D3FF0028F4D0EDE77A
:1041D0001F2938B504460D4604D9162303604FF055
:1041E000FF3038BDD0F8182112B152F821304BB948
:1041F000204600F08FF82A4601462046BDE83840A8
:1042000000F076B8012B0AD0591C03D116230360A5
:104210000120E6E7002442F8254028469847002080
:10422000DFE71F2938B504460D4602D94FF0FF30AD
:1042300038BDD0F8183133B1D4F8182152F82530F0
:1042400033B90120F4E7FFF793FF0028F4D0EDE73E
:10425000591C08D0012B08D00024284642F82540DC
:1042600098472046E4E70220E2E70320E0E7000069
:10427000024B01461868FFF7ABBF00BF20020020C9
:10428000024B0A4601461868FFF788BF200200204B
:10429000014B1868FFF76CBF20020020024B01465B
:1042A0001868FFF7BEBF00BF2002002038B5074DD9
:1042B00000230446084611462B60ECF781FB431CA3
:1042C00002D12B6803B1236038BD00BFC8E10020D4
:1042D00038B5064D0023044608462B60ECF776FB04
:1042E000431C02D12B6803B1236038BDC8E1002014
:1042F00038B5074D00230446084611462B60ECF7FD
:1043000069FB431C02D12B6803B1236038BD00BF99
:10431000C8E10020ECF75CBB0000000000000000DA
:104320000000040008000C001000140018001E001B
:1043300024002C0034003E004A005A006E00860023
:10434000A200C400EE0020015601A20140020000BC
:10435000040008000C00100016001E0028003400A5
:10436000420054006A008800C000000004000800F9
:104370000C001000140018001E0024002A00320057
:104380003C00480058006A0080009C00BE00E60027
:1043900014014A01800140020000040008000C00E2
:1043A000100016001C00260032004000500064007F
:1043B0007E00C0000000040008000C001000140083
:1043C00018001E0024002C00360042005200660037
:1043D0007E009C00C200F00028016C01C001260292
:1043E00040020000040008000C00100016001E002F
:1043F0002A003A004E0068008A00B400C0000000A5
:1044000006000C00120018001E0024002C003600CC
:1044100042005000600074008C00A800C800EE004C
:104420001C0150018C01D0010A024002000004006E
:1044300008000C001200180020002A0038004A0072
:1044400064008400AE00C000000006000C001200F2
:1044500018001E0024002C003600420050006000AE
:1044600072008800A200C200E80016014C018A0117
:10447000D0011C0240020000040008000C001200E1
:104480001A00240030003E00500068008800B4008C
:10449000C000000006000C00120018001E002400DE
:1044A0002C00360042005000600074008C00A80010
:1044B000C800EE001C0150018C01D0010A0240022C
:1044C0000000040008000C0012001A002400300054
:1044D0003E00500068008600AE00C00000000600EC
:1044E0000C00120018001E0024002C0036004200B0
:1044F0005000600074008C00A800C800EE001C0191
:1045000050018C01D0010A024002000004000800A2
:104510000C0012001A00240030003E005000680019
:104520008600AE00C000000006000C00120018005B
:104530001E0024002C003600420050006000740071
:104540008C00A800C800EE001C0150018C01D001B5
:104550000A0240020000040008000C0012001A00C9
:10456000240030003E00500068008600AE00C0000D
:1045700000000C001800240030003C0048005800E7
:104580006C008400A000C000E800180150019001F8
:10459000DC01360238023A023C023E0240020000D0
:1045A00008001000180024003400480060007C005F
:1045B000A000A200A400A600C00000000000680047
:1045C00082009C00B600D000050139016D01A101F7
:1045D0000A027202DB024303140400006000780048
:1045E0009000A800C000F000200150018001E0010F
:1045F0004002A0020003C00300009000B400D800F5
:10460000FC0020016801B001F8014002D002600303
:10461000F0038004A00500001A0034004E0068007A
:1046200082009C00B600D000050139016D01A10196
:10463000D6010A020000180030004800600078002F
:104640009000A800C000F000200150018001B001DE
:10465000E0010000240048006C009000B400D80085
:10466000FC0020016801B001F80140028802D0027C
:104670000000340068009C00D000050139016D0184
:10468000A1010A027202DB024303AC03140400001E
:10469000300060009000C000F00020015001800157
:1046A000E0014002A00200036003C00300004800D4
:1046B0009000D80020016801B001F8014002D0024A
:1046C0006003F00380041005A00500001100200025
:1046D0000900110009001100200008000800000076
:1046E00080018004800480018004400280018004F5
:1046F0004002000000002000400060008000A00098
:10470000C000E00000012001400160018001A00123
:10471000C001000020003000380040005000600060
:1047200070008000A000C000E00000014001800196
:1047300000002000280030003800400050006000D9
:1047400070008000A000C000E000000140010000F7
:1047500020003000380040005000600070008000F1
:104760009000A000B000C000E000000100000800C0
:1047700010001800200028003000380040005000D1
:104780006000700080009000A00000000800100091
:104790001800200028003000380040005000600061
:1047A000700080009000A000000020003000380061
:1047B000400050006000700080009000A000B00039
:1047C000C000E000000100000800100018002000F8
:1047D0002800300038004000500060007000800069
:1047E0009000A00000000800100018002000280021
:1047F00030003800400050006000700080009000E1
:10480000A000000044AC000080BB0000007D000060
:1048100022560000C05D0000803E0000112B000009
:10482000E02E0000401F000000000000000000100B
:10483000F3455128DB5C3A4553FFB20CD689191178
:10484000C831CE1503F2C71A00000020B906712541
:10485000A3B4162BB474ED30A53FF236D37B223DC2
:1048600056E67B433C82FC4900000000CD4F740DAE
:10487000261FE721D9AB363A84C0AD0A6E0E610E11
:104880001D0C5612CF238516999FE81AA4037C1F8E
:1048900049AE3B24679C24290F42342E856F683330
:1048A000FF3DBF388201373E00000000334F500B00
:1048B000073E821C559AF33062CDFA081963170C33
:1048C00022356B0FADE2EF12669EA01617A3791A80
:1048D00001E3771EB4D59822FC56DA262A903A2BAB
:1048E000E7E7B72F50F6503400000000057F83093A
:1048F000D710F917A9C72929FA0D8D0761E62A0AE9
:104900005431F70CCB91EC0F0AFE06136C4A431698
:1049100095E59E193DAE171D6AD7AB2051D5592498
:10492000BB4F20280818FE2BFFFFFF7F657EA26B80
:104930009A79825A29F81B4CFAA22814D61BDB1547
:104940002C309617858D5919BBE8241BFAFCF71CEF
:10495000F28AD21E2A58B4206E2E9D2255DB8C245A
:10496000DA2F8326000080288722832AA8708C2CC7
:10497000D8C59B2E99FFB0304AFDCB3201A0EC3454
:1049800062CA123788603E39E0476F3B1767A53D22
:10499000FCA5E03F72ED2042582766447C3EB046BD
:1049A000871EFF48F3B3524BFDEBAA4D97B4075057
:1049B00062FC68529CB2CE5421C73857592AA75975
:1049C00035CD195C29A1905E21980B617FA48A6383
:1049D0000FB90D660BC994680CC81F6B0DAAAE6D9C
:1049E00060634170B0E8D772F92E7275852B10782C
:1049F000ECD3B17A091E577D94FA9765E68BA250E5
:104A0000FFFFFF7F94FA9765E68BA250FFFFFF7FC1
:104A100094FA9765E68BA2500E0000000D0000008E
:104A20000B0000000A000000090000000700000061
:104A3000060000000500000000000000000000006B
:104A40000000000101010102020303030200000053
:104A5000060000000400000000000000400000000C
:104A60006B6F6D6E67655959565653535A5A5C5C55
:104A700042424242414141414444444448484848FA
:104A80001010101010101010101010101010101026
:104A90001010101010101010101010101010101016
:104AA0004F4E4D4C4B4A494847464544434241408E
:104AB00000000000000000000000000001000000F5
:104AC00000000000010000000000000001000000E4
:104AD00000000000060000000000000001000000CF
:104AE00000000000010000000000000002000000C3
:104AF00000000000020000000000000002000000B2
:104B000000000000020000000000000002000000A1
:104B10000000000002000000000000000200000091
:104B2000000000000600000000000000020000007D
:104B3000010000000300000002000000030000006C
:104B40000300000003000000040000000300000058
:104B50000600000003000000080000000300000041
:104B60000A000000030000000D0000000300000028
:104B70000400000003000000050000000300000026
:104B80000600000003000000070000000300000012
:104B900008000000030000000900000003000000FE
:104BA0000B000000030000000D00000003000000E7
:104BB0000000000000000000090000004A000000A2
:104BC000000000008B0000008C0100000D020000BE
:104BD0007B02000093030000F0030000300500009A
:104BE0005806000011070000000000000209000044
:104BF000460B0000460B0000460B0000460B000071
:104C0000460B0000460B0000460B0000460B000060
:104C1000D10D0000D10D0000D10D0000D10D00001C
:104C2000D10D0000D10D0000D10D0000D10D00000C
:104C300003F012310131112011200010001000107A
:104C4000001006F0226201621252125222512251C9
:104C500021502150123112311231123112311231E0
:104C60001231123101310131013101310131013192
:104C7000013101311130113011301130113011304A
:104C80001130113000100010001000100010001042
:104C90000010001000100010001000100010001094
:104CA0000010001000100010001000100010001084
:104CB0000010001000100010001000100010001074
:104CC0000010001006F022620162125212522251AC
:104CD000225121502150113011301130113011303A
:104CE0001130113011301221122112211221122102
:104CF000122112211221122112211221122112211C
:104D00001221122112210121012101210121012160
:104D10000121012101210121012101210121012183
:104D2000012101210121002000200020002000207D
:104D30000020002000200020002000200020002073
:104D400000200020002008F0328322833272327269
:104D50003261326132613261127312730173017315
:104D60003170317022722272126212621262126209
:104D7000226122612261226101620162016201629B
:104D80002160216021602160123112311231123113
:104D900012311231123112311231123112311231FB
:104DA00012311231123112311231123112311231EB
:104DB00012311231123112311231123112311231DB
:104DC000123112311231123101310131013101310F
:104DD0000131013101310131013101310131013143
:104DE0000131013101310131013101310131013133
:104DF0000131013101310131013101310131013123
:104E000001310131013101311130113011301130D6
:104E1000113011301130113011301130113011308A
:104E2000113011301130113011301130113011307A
:104E3000113011301130113011301130113011306A
:104E4000113011301130113000100010001000101E
:104E500000100010001000100010001000100010D2
:104E600000100010001000100010001000100010C2
:104E700000100010001000100010001000100010B2
:104E800000100010001000100010001000100010A2
:104E90000010001000100010001000100010001092
:104EA0000010001000100010001000100010001082
:104EB0000010001000100010001000100010001072
:104EC0000010001000100010001000100010001062
:104ED0000010001000100010001000100010001052
:104EE0000010001000100010001000100010001042
:104EF0000010001000100010001000100010001032
:104F00000010001000100010001000100010001021
:104F10000010001000100010001000100010001011
:104F20000010001000100010001000100010001001
:104F300000100010001000100010001000100010F1
:104F4000001000100010001007F03273017322638C
:104F50002263326232623160316012531253125353
:104F60001253325132513251325122522252225274
:104F70002252015201520152015212421242124275
:104F80001242124212421242124222412241224154
:104F900022412241224122412241214021402140FF
:104FA0002140214021402140214001310131013186
:104FB0000131013101310131013101310131013161
:104FC000013101310131013101311221122112214E
:104FD0001221122112211221122112211221122139
:104FE0001221122112211221122112211221122129
:104FF0001221122112211221122112211221122119
:1050000012211221122112211221113011301130DE
:105010001130113011301130113011301130113088
:1050200011301130113011301130003000300030AB
:1050300000300030003000300030003000300030F0
:105040000030003000300030003006F041005200E7
:105050005B006000630068006B0012622251225105
:1050600001622160124112411241124101310131AC
:105070000131013101310131013101311130113082
:10508000113011301130113011301130001000107A
:105090000010001000100010001000100010001090
:1050A0000010001000100010001000100010001080
:1050B0000010001000100010001000100010001070
:1050C00000100010001000100010001004F05245F5
:1050D000424552445243323532354234423422350D
:1050E000223552325232122512251225122503F092
:1050F0005221522101353234512051204233323372
:1051000002F0222442221214121401F04211411022
:1051100002F0012422233222012301F01213321162
:1051200001F03110221208F001010A010F0112856D
:10513000528112011501228442821284427142710D
:105140000184418022833282128332810183318043
:1051500022622262226222620162016201620162B3
:1051600021602160216021601242124212421242EB
:10517000124212421242124212421242124212428F
:105180001242124212421242224122412241224143
:1051900022412241224122412241224122412241F7
:1051A00022412241224122411221122112211221A7
:1051B0001221122112211221122112211221122157
:1051C0001221122112211221122112211221122147
:1051D0001221122112211221122112211221122137
:1051E0001221122112211221122112211221122127
:1051F0001221122112211221122112211221122117
:105200001221122112211221122112211221122106
:1052100012211221122112211221122112211221F6
:1052200012211221122112210131013101310131EA
:1052300001310131013101310131013101310131DE
:1052400001310131013101310131013101310131CE
:1052500001310131013101310131013101310131BE
:105260000131013101310131113011301130113072
:105270001130113011301130113011301130113026
:105280001130113011301130113011301130113016
:105290001130113011301130113011301130113006
:1052A000113011301130113000200020002000207A
:1052B00000200020002000200020002000200020EE
:1052C00000200020002000200020002000200020DE
:1052D00000200020002000200020002000200020CE
:1052E00000200020002000200020002000200020BE
:1052F00000200020002000200020002000200020AE
:10530000002000200020002000200020002000209D
:10531000002000200020002000200020002000208D
:10532000002000200020002003F052355234422596
:105330004225521352135213521302F032254224C3
:105340002215221501F05212011501F032144213F8
:1053500001F05110321306F041004A004F00520094
:1053600057005A0012644261226332621253125390
:1053700032513251016331602252225201520152A4
:105380001242124212421242224122412241224141
:10539000214021402140214012311231123112317D
:1053A0001231123112311231013101310131013129
:1053B0000131013101310131113011301130113021
:1053C0001130113011301130003000300030003019
:1053D000003000300030003003F0523542353225C5
:1053E0003225522352235234013502F04224222521
:1053F0005222122501F05211321402F042134213CC
:105400005120012401F02214421201F03213411004
:1054100008F001010A010F0118011B0120012501FB
:10542000128772812A012D01320112866281618008
:1054300037013A013D011284428141802283328248
:1054400001831273127332713271317031702272B2
:10545000227212621262126212622261226122615F
:1054600022610162016201620162216021602160AA
:105470002160124112411241124112411241124166
:105480001241124112411241124112411241124184
:10549000124101310131013101310131013101315B
:1054A000013101310131013101310131013101316C
:1054B000013101310131013101310131013101315C
:1054C000013101310131013101310131013101314C
:1054D00001311130113011301130113011301130D3
:1054E00011301130113011301130113011301130B4
:1054F00011301130113011301130113011301130A4
:105500001130113011301130113011301130113093
:1055100011300010001000100010001000100010DA
:1055200000100010001000100010001000100010FB
:1055300000100010001000100010001000100010EB
:1055400000100010001000100010001000100010DB
:1055500000100010001000100010001000100010CB
:1055600000100010001000100010001000100010BB
:1055700000100010001000100010001000100010AB
:10558000001000100010001000100010001000109B
:10559000001000100010001000100010001000108B
:1055A000001000100010001000100010001000107B
:1055B000001000100010001000100010001000106B
:1055C000001000100010001000100010001000105B
:1055D000001000100010001000100010001000104B
:1055E000001000100010001000100010001000103B
:1055F000001000100010001000100010001000102B
:10560000001000100010001000100010001000101A
:10561000001003F0723762377236523772356236D5
:105620004227422702F0722452266225322703F0D5
:105630007223722342264226523552346223622359
:1056400001F02217721202F062240127711071100A
:1056500002F0621262124225322502F00116011692
:105660005223422401F03216221602F02225522241
:105670001215121502F0521152113224422301F078
:105680000115511001F02214421201F032130114DD
:1056900008F0010106010F0114011701228772822F
:1056A0001C0172717271128771803286628361800F
:1056B0001F012201128562726272228601861276B1
:1056C0001276627162715281328451802501228486
:1056D0004282128442810184418022732273327299
:1056E0003272126312631263126332613261326189
:1056F0003261017301733170317022622262226261
:1057000022622251225122512251225122512251F0
:1057100022511242124212421242124212421242CA
:1057200012421242124212421242124212421242D9
:1057300012420152015201520152015201520152D0
:1057400001522150215021502150215021502150EF
:105750002150123112311231123112311231123103
:105760001231123112311231123112311231123121
:105770001231123112311231123112311231123111
:105780001231123112311231123112311231123101
:105790001231013101310131013101310131013168
:1057A0000131013101310131013101310131013169
:1057B0000131013101310131013101310131013159
:1057C0000131013101310131013101310131013149
:1057D00001311130113011301130113011301130D0
:1057E00011301130113011301130113011301130B1
:1057F00011301130113011301130113011301130A1
:105800001130113011301130113011301130113090
:105810001130002000200020002000200020002067
:105820000020002000200020002000200020002078
:105830000020002000200020002000200020002068
:105840000020002000200020002000200020002058
:105850000020002000200020002000200020002048
:105860000020002000200020002000200020002038
:105870000020002000200020002000200020002028
:105880000020002000200020002000200020002018
:10589000002002F0722762277226722503F062262A
:1058A000622642274227722472245237523502F070
:1058B000522662253217321701F07213421602F097
:1058C000422552243225522301F06214011701F0BF
:1058D0004214221501F05212011501F04213321345
:1058E00007F081008A008F00920097009A009D00C7
:1058F000A200A500A800227662726271AD00B0001D
:10590000B3001275527132744273B600227442723F
:1059100012743263326342614261226322633262F3
:10592000326241700173316031601253125312536D
:10593000125332513251325132512252225222529A
:105940002252124212421242124212421242124297
:10595000124222412241224122412241224122413E
:105960002241015201520152015221502150215035
:1059700021500040004000400040004000400040F6
:105980000040123112311231123112311231123102
:1059900012311231123112311231123112311231EF
:1059A0001231013101310131013101310131013156
:1059B0000131013101310131013101310131013157
:1059C00001311130113011301130113011301130DE
:1059D00011301130113011301130113011301130BF
:1059E000113003F07237623772267226522752271F
:1059F0007225722502F0622642277224622501F088
:105A00005216321702F0722352252217221701F084
:105A10007212421601F06214121702F07211721122
:105A20000127712001F03216621301F04215521461
:105A300002F0421442140126012501F012166110F1
:105A400001F03215521301F02215521201F05110DB
:105A5000011406F041008200C300E40005011601B4
:105A60001F01300139013E014301460112622261EA
:105A70000162216012411241124112410141014172
:105A8000014101411130113011301130113011300C
:105A90001130113000100010001000100010001024
:105AA0000010001000100010001000100010001076
:105AB0000010001000100010001000100010001066
:105AC0000010001000100010001000100010001056
:105AD0000010001006F0080111011A0123012C0129
:105AE000310136013F01440147014C01510156018A
:105AF0005B01126FF261F160600163016601E262B5
:105B00006901126EE2616C016F0172017501780129
:105B10007B01C266326D7E01226DD262126DB26768
:105B200081018401C2638701426BD251D251016D60
:105B3000D160826AA268426CC264626BB266325CF7
:105B4000325C225C225CC252C252525B525BB26532
:105B50008269125C125C06F0C251C2519268016CFB
:105B6000C150C150B264626AA2667269325B325B34
:105B7000B253B2538268526A225B225BA2656269A9
:105B8000A254A254726882679254925472677266E9
:105B9000B242B242B242B242124B124B124B124BC1
:105BA000B241B241B241B241015B015BB150B1506F
:105BB00092569256425A425A325A325AA253A253DB
:105BC0005259525992559255224A224A224A224A01
:105BD000A242A242A242A24205F0124A124AA241A5
:105BE000A241015A6258A140A140825642599243B3
:105BF0009243325952588255625722492249924261
:105C0000924252577255324832488243824362561A
:105C10004257725452566255725305F01239123976
:105C2000123912399231923192319231014901493E
:105C300091409140424842488244824472427242BA
:105C40004256625422382238223822388232823236
:105C500082328232123812381238123804F0324747
:105C60002247123712377231723152450147714063
:105C7000324662434245524422466242324503F074
:105C80008221822101388130123662310136613041
:105C900004F0524342442235223552325232013509
:105CA0000135122512251225122552215221522189
:105CB000522103F0323442335130223442323233F3
:105CC0001224122402F0421142110124412002F058
:105CD000222332221213121301F03211011301F0A8
:105CE0003110221203F082008B008E00910094008C
:105CF0009700E23CD23D03F09300B23EE23B923F7C
:105D0000F239E23AB23DD23B03F0823FF238C23C74
:105D10008D00823E9000F227F22703F0D22AD22A89
:105D2000A23DB23CC23BF236622F622F02F0E22863
:105D3000522F922DD22902F0F225E227A22CB22B6B
:105D400003F0422F422FF224F224C23AE236F22329
:105D5000F22302F0321F321F822DD22801F0221FBF
:105D6000F21202F0622E922C011F011F02F0C229D2
:105D7000522EA21BA21B02F0722DD227421E421EDF
:105D800002F0C228D226321E321E02F0B219B21917
:105D9000922BA22A01F0B21AE21501F0E214821C41
:105DA00001F0621DE21301F0221E011E01F0E1105C
:105DB000521D01F0D215721C01F0C217421D01F0F4
:105DC000821BB21801F0D214921A01F0A219621CBF
:105DD00001F0D213721B01F0521CC21501F092198E
:105DE000721A01F0A217921703F02300F23DE22D80
:105DF000E22DF21FF21FF21FF21F01F0E21FD21F6D
:105E000001F0E21EC21F01F0D21EB21F01F0F21B10
:105E1000C21E02F0D21CD21CA22FE22901F0F21AFB
:105E2000C21D01F0A21E921E01F0721F721E01F02F
:105E3000F21EF21C08F00101220143015401650128
:105E400076017F0188019901A201AB01B401BD0176
:105E5000C201CB01D401D901DE01E301E801ED016A
:105E6000F201F701FC010102040207020A020F021B
:105E7000120215021A021D0220029281230226023A
:105E800029022C022F022288828212888281320209
:105E9000350238023B022287728262841287528561
:105EA00072813E02328662834285528422866282F9
:105EB0001286410232856271627152834284227578
:105EC0002275527252721275127552715271018599
:105ED000518032743274427342732274227442725B
:105EE00042723273327342614261426142611274A2
:105EF000127401740174226322632263226332628A
:105F00003262326232624170417001730173126316
:105F10001263126312633261326132613261316045
:105F2000316031603160225222522252225222527A
:105F30002252225222521252125212521252125211
:105F400012521252125222512251225122512251E6
:105F50002251225122510152015201520152015249
:105F60000152015201522150215021502150215003
:105F7000215021502150123112311231123112317F
:105F800012311231123112311231123112311231F9
:105F900012311231123112311231123112311231E9
:105FA00012311231123112311231123112311231D9
:105FB00012311231123101410141014101410141CE
:105FC00001410141014101410141014101410141C1
:105FD0000141014101411140114011401140114066
:105FE0001140114011401140114011401140114029
:105FF00011401140114000300030003000300030BE
:106000000030003000300030003000300030003010
:106010000030003000300030003000300030003000
:1060200000300030003000300030003000300030F0
:1060300000300030003005F0F25FE25FF25ED25FC8
:10604000E24EE24EF25DC25FF25CD25EE25DB25FB2
:10605000F24BF24BC25EE25CD24DD24DA24FA24F48
:10606000F24AF24AB24EB24EE24BE24BC24DC24D40
:10607000D24CD24C924F924F05F0F249F249E24A8B
:10608000E24AB24DB24DD24BD24B824F824FF248D0
:10609000F248C24CC24C924E924EE249E249724FD3
:1060A000724FF247F247A24DA24DD24AD24AB24CA9
:1060B000B24C624F624FA25E015F04F0C23BC23B32
:1060C000F236F236824EE248524F924DF235F235B8
:1060D000723E723EE237E237A23CA23C04F0C23A82
:1060E000C23AB23BB23BD249824D423F423FF234C8
:1060F000F234323F323FF233F233D238D23804F046
:10610000E236E236223F223FF232F232624EF14074
:10611000123F123FF231F231923C923CC239C23905
:1061200003F0523EA23BB23AE235723DD237423ED4
:10613000E23403F0823CC238323E623DD236E23372
:10614000923BB23904F0223E223EA23AA23AE23217
:10615000E232123E123EE231E231014EE140523D66
:10616000523DD235D23503F0723CC237423D823BBC
:10617000D224D224B238923A03F0A239623CC23619
:10618000323DD223D223D222D22203F0223D013D3E
:10619000122D122D722B722BB227B22703F0D221AF
:1061A000D221523CD130C225C225822A822A02F055
:1061B000A228422CC224622B03F0B226B2269239C6
:1061C000013C322C322CC223C22303F0722A722AE1
:1061D000A227A227A226A226C130013B02F0C212AA
:1061E000C212222C522B02F0B225122C82299228A4
:1061F00002F0C221422BB224622A02F0322B722911
:10620000B213B21302F092278228222B522A02F0F4
:10621000B212B212A225122B02F0B211B211B120A9
:10622000622902F09226422AA224722802F08227D2
:10623000322AA213A21301F05219921501F0221A68
:10624000A21201F0121AA21102F0012AA120621872
:10625000621801F08216421901F09214321902F00C
:10626000921392137227012901F05218821501F03E
:106270002219621701F07216921201F01219911090
:1062800001F04218821401F05217721501F0321811
:10629000821301F06216421701F07214011801F026
:1062A0008110521601F06215321701F07213421676
:1062B00001F00117711001F00116611008F00101E1
:1062C0000A011301F28F18011D012001F282310130
:1062D000128FF2813401450156016701780189016D
:1062E0009A01A301AC01B501BE01C701D001D901DA
:1062F000DE01E301E601EB01F0015281F301F60159
:10630000F901FC0112844281FF012283328212735F
:1063100012733271327101833180227222721262E1
:1063200012621262126222612261226122610162A2
:1063300001620162016221602160216021601241DD
:1063400012411241124112411241124112411241B5
:1063500012411241124112411241124112410141B6
:10636000014101410141014101410141014101411D
:10637000014101410141014101410141014111300E
:106380001130113011301130113011301130113005
:1063900011301130113011301130113011301130F5
:1063A00011301130113011301130113011301130E5
:1063B0001130113011301130113011301130001006
:1063C000001000100010001000100010001000104D
:1063D000001000100010001000100010001000103D
:1063E000001000100010001000100010001000102D
:1063F000001000100010001000100010001000101D
:10640000001000100010001000100010001000100C
:1064100000100010001000100010001000100010FC
:1064200000100010001000100010001000100010EC
:1064300000100010001000100010001000100010DC
:1064400000100010001000100010001000100010CC
:1064500000100010001000100010001000100010BC
:1064600000100010001000100010001000100010AC
:10647000001000100010001000100010001000109C
:10648000001000100010001000100010001000108C
:10649000001000100010001000100010001000107C
:1064A000001000100010001000100010001000106C
:1064B000001000100010001000100010001003F079
:1064C000E23FF23ED23FF23DC23FF23CB23FF23BEE
:1064D00003F0A22FA22FF23A923FF239F238822F24
:1064E000822F02F0722FF227622FF22602F0522F33
:1064F000F225421F421F01F0F214F21304F0F110D2
:10650000F110F110F110F110F110F110F110322F23
:10651000322F322F322FE200F300FC00050101F090
:10652000221F011F04F0FA00FF00040109010C0101
:106530001101160119011E0123012801E2432D0159
:1065400030013301360104F028012B012E01014DE9
:10655000310134013701324C3A01124CC1403D0146
:10656000E232E232224E124E04F0D243224DD242A7
:10657000D241324B2F01123D123DC244624BC24305
:10658000A247223C223CC242B24504F0C241014C27
:10659000424BB244624AA246B233B233524AA24597
:1065A000223B223BB232B232123B123B04F0B231F8
:1065B000B231014BB14062499246424AA24472480C
:1065C0008247A233A233324A5249223A223A04F095
:1065D00092456248A231A231824672479234923487
:1065E0004249524762376237A222A222A222A22245
:1065F00003F0122A122A013AA1303239923352386A
:10660000823503F022292229922292227236013900
:106610001229122903F092219221913042388234BA
:1066200072353238823303F0623622388222822277
:10663000423772341228122803F0822182218120ED
:106640008120013852363227322703F07223722319
:1066500062354236222722277222722203F06234E8
:10666000523501270127121712171217121702F0BD
:10667000721172117120322602F0622342255224D7
:10668000222601F06212121602F062116211012636
:10669000612002F0521352133225422401F02215D8
:1066A000521201F01215011501F03214421301F0DB
:1066B0005110221401F04212321301F00114411062
:1066C00004F0C24E8600D23ED23EE239E239E24ABE
:1066D000D249E22EE22EE22EE22EE23DE23DE23B04
:1066E000E23B03F0B22EB22EC22DC22DD23CD23BE1
:1066F000A22EA22E03F0C22CC22CA23DD23A723E90
:10670000A23CC22AC22A03F0C239723D522E522E36
:10671000B21DB21DB21DB21D02F0921E921EB22C0D
:10672000C22B02F0822EE228922DE22702F0B22B39
:10673000822DD228622E01F0E216921C02F0A22BCA
:10674000B22AE225D22702F0421E421EE224822C07
:1067500001F0C218321E02F0621D621DD226922B79
:1067600002F0B229A22AE211E21102F0D214D214EC
:10677000B228A22902F0721B721BB227D12001F0AD
:10678000011EE11001F0521DD21501F0721CC2175A
:1067900001F0421D821B01F0921A621C01F0C21628
:1067A000321D01F0521CC21501F0821AA21801F02C
:1067B0009219421C01F0B216721A01F0521B821992
:1067C00001F09218721901F09217821801F0E21C80
:1067D000D21D09F0E28FE28FF28EF28ED28FD28F2D
:1067E000F28DF28DC28FC28FF28CF28CB28FB28F8B
:1067F000F28BF28BF27AF27AF27AF27AA28FA28F8D
:10680000928F928FF279F279F279F279F278F278C6
:10681000F278F278828F828F728F728FF277F277AE
:10682000F277F277627F627F627F627FF276F27642
:10683000F276F276527F527F527F527FF275F27576
:10684000F275F275427F427F427F427FF274F274AA
:10685000F274F274327F327F327F327FF273F273DE
:10686000F273F273227F227F227F227FF272F27212
:10687000F272F272F271F271F271F271128F128F82
:10688000F180F180019F010206020B021002150245
:106890001A021F02F24FF24FF24FF24FF24FF24F35
:1068A000F24FF24FF24FF24FF24FF24FF24FF24FE0
:1068B000F24FF24FF24FF24FF24FF24FF24FF24FD0
:1068C000F24FF24FF24FF24FF24FF24FF24FF24FC0
:1068D000F24FF24F24022902320237023A023F02FB
:1068E000420245024A024D02500253025602590228
:1068F0005C025F026202650268026B026E02710254
:10690000740277027A027D028002830288028B027F
:106910008E029102940297029A029F02B294A402FC
:10692000A702AA02B2938298AF02B292B202B50253
:106930009296A294B8028297329AA2935299929513
:10694000229AA292A2916298829672974299929408
:106950003299929352988295229962977296929266
:10696000129992914298829452977295329882939A
:106970006296229882921298429772948291BB02F8
:10698000529662951297BE02728372833297229753
:106990007282728242864286628462845285528505
:1069A0007281728132863286628362834285428539
:1069B00052845284228622866282628212861286E3
:1069C0006281628101966190328532855283528361
:1069D0004284428422852285528252821285128507
:1069E00001955190527152715271527132843284B8
:1069F000428342832274227422742274427242724D
:106A0000427242723273327332733273127412747E
:106A10001274127442714271427142710184018494
:106A20004180418022732273227322733272327248
:106A30003272327212631263126312631263126350
:106A400012631263326132613261326132613261EA
:106A500032613261017301730173017331703170FE
:106A600031703170226222622262226222622262CC
:106A700022622262125212521252125212521252B6
:106A800012521252125212521252125212521252E6
:106A9000125212522251225122512251225122517C
:106AA000225122512251225122512251225122514E
:106AB000225122510162016201620162016201629E
:106AC00001620162216021602160216021602160FA
:106AD00021602160124112411241124112411241C2
:106AE000124112411241124112411241124112410E
:106AF00012411241124112411241124112411241FE
:106B000012411241124112411241124112411241ED
:106B10001241124101410141014101410141014143
:106B20000141014101410141014101410141014155
:106B30000141014101410141014101410141014145
:106B40000141014101410141014101410141014135
:106B500001410141114011401140114011401140CB
:106B6000114011401140114011401140114011409D
:106B7000114011401140114011401140114011408D
:106B8000114011401140114011401140114011407D
:106B900011401140004000400040004000400040D3
:106BA00000400040004000400040004000400040E5
:106BB00000400040004000400040004000400040D5
:106BC00000400040004000400040004000400040C5
:106BD0000040004002F0E22ED22EE22DC22E02F042
:106BE000E22CD22DB22EE22B02F0C22DD22CA22EFC
:106BF000E22A02F0B22DD22BC22C922E02F0E22910
:106C0000A22DD22AB22C02F0C22B822EE228922D83
:106C100002F0D229722EE227A22C02F0C22AB22B55
:106C2000822DD22803F0013EE130012D012DE21624
:106C3000E216E216E21602F0622E922CC219C21976
:106C400001F0521EB21A02F0E215E215A22B722DCB
:106C500001F0D217E21401F0821CC21802F0422E99
:106C6000222E321E321E01F0621DD21601F0E213F6
:106C7000921B01F0B219A21A01F0E212121E01F0E9
:106C8000E211521D01F0D215721C01F0C217421D13
:106C900001F0821BB21801F0D214921A01F0A2196D
:106CA000621C01F0C216321D01F0D213221D01F048
:106CB000D212121D01F0721BB21701F0D211521C38
:106CC00001F0C215821A01F0A218921901F0421CBB
:106CD000C21401F0621BB21602F0D120012C321C4A
:106CE000321C01F0C213721A01F0A217221C01F02B
:106CF000C212521B01F0B215121C01F08219921837
:106D000001F0C211421B02F0C120012B321B321BC9
:106D100002F0B120012A121A121A01F0621AA21608
:106D200001F07219921702F0A1200129911091101F
:106D300001F0221B521A01F0A215121B01F0B21130
:106D4000621901F0421A721801F00118811001F065
:106D5000011771108BCEAA422427E9C2281C3147A3
:106D60009A615FC9EB8F864A8C9D85D0513B914CCF
:106D7000A03E24D8CC3C414D000000E0513B914C5A
:106D800061C1DBE7EB8F864A75627AEF281C3147D9
:106D9000679EA0F68BCEAA42DDD816FDD04E837F2B
:106DA0001D75A37BC1E4017464F9D9689A79825A8C
:106DB000E2F36A49EE5A183683FB20215CEB270B7D
:106DC00000000001000200030300010101020103B1
:106DD000020102020203030103020303040204038B
:106DE000060505050303030306030303060507035E
:106DF00003030402060304020B0A00000606000057
:106E00000603060007070700040404000605040043
:106E1000060606030403030206040302080805002D
:106E200005040300060603000000000074000000D3
:106E3000540300002C070000D41F00008450000001
:106E4000B8660000C4490200789404003CB6FDFF17
:106E5000B86600007CAFFFFFD41F0000D4F8FFFF2E
:106E6000540300008CFFFFFFFCFFFFFF68000000E1
:106E70006803000044060000401F0000D04A0000E4
:106E80001C5D0000E02C0200C09304006099FDFF2F
:106E9000786F0000CCA9FFFF3C200000E4F7FFFF63
:106EA0004003000084FFFFFFFCFFFFFF60000000C5
:106EB000780300006C050000801E000024450000DF
:106EC000A0520000FC0F0200A0910400A07CFDFF76
:106ED0006077000024A4FFFF80200000ECF6FFFF95
:106EE0002803000074FFFFFFFCFFFFFF54000000B9
:106EF0008403000098040000941D00007C3F000003
:106F0000444700002CF30100188E04000860FDFFC8
:106F1000707E00008C9EFFFF9C200000ECF5FFFFC0
:106F20001003000068FFFFFFFCFFFFFF4C000000A4
:106F30008C030000D0030000781C0000E43900003E
:106F4000003B000080D6010024890400AC43FDFF13
:106F5000B08400000C99FFFF94200000E4F4FFFFD0
:106F6000F80200005CFFFFFFFCFFFFFF4400000091
:106F700090030000140300002C1B00005C34000090
:106F8000DC2D000004BA0100D08204009C27FDFF24
:106F9000208A0000A493FFFF6C200000D4F3FFFFC1
:106FA000DC0200004CFFFFFFFCFFFFFF4000000081
:106FB0009003000064020000B0190000F02E0000F1
:106FC000D41F0000C89D01001C7B0400E80BFDFFDE
:106FD000CC8E0000648EFFFF24200000C0F2FFFF73
:106FE000C00200003CFFFFFFF8FFFFFF3800000079
:106FF0008C030000BC010000FC1700009C2900006D
:10700000E8100000D88101000C7204009CF0FCFF25
:10701000B49200004C89FFFFC01F0000A4F1FFFFE5
:10702000A40200002CFFFFFFF8FFFFFF3400000068
:1070300080030000200100001816000068240000F2
:107040001801000044660100A4670400CCD5FCFFD1
:10705000E09500006884FFFF441F000084F0FFFFFC
:107060008402000018FFFFFFF8FFFFFF2C00000064
:10707000740300009000000000140000581F00007E
:1070800068F0FFFF144B0100F05B040088BBFCFFBD
:1070900058980000BC7FFFFFA81E000060EFFFFFB4
:1070A0006802000004FFFFFFF8FFFFFF2800000058
:1070B0005C03000008000000AC110000701A000022
:1070C000D8DEFFFF58300100F84E0400D8A1FCFFC5
:1070D0001C9A0000547BFFFFFC1D00003CEEFFFFEC
:1070E0004C020000F0FEFFFFF4FFFFFF2400000051
:1070F000400300008CFFFFFF280F0000B0150000C8
:1071000070CCFFFF1C160100BC400400D888FCFFB7
:107110003C9B00003477FFFF381D000018EDFFFF97
:107120002C020000DCFEFFFFF4FFFFFF2000000048
:10713000200300001CFFFFFF680C00001C11000072
:107140002CB9FFFF6CFC0000503104008C70FCFF78
:10715000B89B00006873FFFF641C0000F4EBFFFFA6
:1071600010020000C4FEFFFFF0FFFFFF1C00000044
:10717000F4020000B4FEFFFF74090000B80C000028
:1071800018A5FFFF50E30000B42004000859FCFFDD
:107190009C9B0000F46FFFFF7C1B0000D0EAFFFF08
:1071A000F4010000ACFEFFFFF0FFFFFF1C00000039
:1071B000C402000058FEFFFF4806000084080000DB
:1071C0003890FFFFD0CA0000F80E04005C42FCFFBC
:1071D000F09A0000E06CFFFF881A0000B0E9FFFFA2
:1071E000D401000094FEFFFFECFFFFFF1800000039
:1071F0008C02000004FEFFFFE40200008004000097
:10720000907AFFFFFCB2000028FC0300902CFCFFEA
:10721000B89900003C6AFFFF8819000098E8FFFF5A
:10722000BC0100007CFEFFFFA00100007C180000F4
:10723000FC9700004CE803002464FFFF4CFFFFFFB5
:1072400048020000ECFFFFFF8D87D87FFC559D7E34
:10725000EEFB297C13848478D0EBB573140DCA6DD2
:107260001F81CF66897CD75ED2A4F555F3DF3F4CF2
:10727000641ECE411320BA36EB341F2B7BF9191F45
:107280006E10C8127CD947068F36627F5B057D7A07
:10729000C6CBE270AC01F26294CC335170BA563C6A
:1072A0005D0C28255ED38B0C3F5F8A7DA4986D6AA8
:1072B000E6EC1C473CB8F8183CAF41764DC5FB30B6
:1072C000CC3C412DF053C26DAA0025BEE4EBDC702E
:1072D00049499EC3736E8D794A3FE3D7A740DD7D50
:1072E0007611B7E8B7206D7F2FFEE4F3407EE47F90
:1072F000C7A3C1FA63B2FC7FC6BD2EFE94C6FF7F52
:107300005DC286FF5F4B435F5F4A525F00000040F3
:1073100000000000000000400000004000000040AD
:10732000323FD135CC3C412D14FC0D26FFFFFF1F11
:10733000999FE81A669EA0160AFE0613FFFFFF0F2C
:10734000CC4F740D334F500B057F8309FFFFFF07B0
:10735000E627BA069927A80582BFC1049979825AFF
:1073600027F81B4CFFFFFF3F323FD135CC3C412D6E
:1073700013FC0D26FFFFFF1F999FE81A669EA016BB
:1073800009FE0613FFFFFF0FCC4F740D334F500B58
:10739000047F8309FFFFFF07E627BA0600000040CD
:1073A000CC3C412D00000020669EA016000000107D
:1073B000334F500B000000089927A8050000000477
:1073C000CC13D40200000002E6096A0100000001AB
:1073D000F304B5000000800079825A009979825A3E
:1073E000FFFFFF3FCC3C412DFFFFFF1F669EA01615
:1073F000FFFFFF0F334F500BFFFFFF079927A80533
:10740000FFFFFF03CC13D402FFFFFF01E6096A016F
:10741000FFFFFF00F304B500FFFF7F000000000046
:10742000BA58860DD0F56C17000000202F0A93285B
:1074300045A7793200000040000000005C7F201367
:1074400083FB2021CC3C412D167E61393DFA6147FA
:107450009979825A8BCEAA02281C3107EC8F860AB2
:10746000523B910CCD3C410D523B910CEC8F860A66
:10747000281C31078BCEAA02DDD816FD669EA0F629
:1074800075627AEF61C1DBE7000000E09F3E24D81F
:107490008B9D85D09A615FC92327E9C2753155BD9F
:1074A000D8E3CEB8147079B5AEC46EB333C3BEB2F0
:1074B000AEC46EB3147079B5D8E3CEB8753155BD8E
:1074C0002327E9C29A615FC98B9D85D09F3E24D84E
:1074D000000000E061C1DBE775627AEF669EA0F60E
:1074E000DDD816FD8BCEAA02281C3107EC8F860A48
:1074F000523B910CCD3C410D523B910CEC8F860AD6
:10750000281C31078BCEAA02DDD816FD669EA0F698
:1075100075627AEF61C1DBE7000000E09F3E24D88E
:107520008B9D85D09A615FC92327E9C214EF44BDC2
:1075300052A031B83738AAB3A489B7AFBB4561AC04
:10754000DCECADA91F4964A8F06818AD491F43B829
:107550003622F4C8B1E6A8DDDC5577F4000000005F
:10756000000000000000000000000000000000001B
:1075700000000000281C3107CD3C410D281C3107BC
:10758000669EA0F6000000E09A615FC9D8E3CEB81D
:1075900033C3BEB2D8E3CEB89A615FC9000000E041
:1075A000669EA0F600000000000000000000000041
:1075B00000000000000000000000000000000000CB
:1075C00000000000000000000000000000000000BB
:1075D00000000000000000000000000000000000AB
:1075E000000000000000000000000000000000009B
:1075F000000000000000000000000000000000008B
:10760000000000000000000000000000000000007A
:1076100000000000000000000000000009978E023A
:10762000C05E8504A1436702102CDEFC82DC15F5E8
:107630003BE593ECF880C8E4080B5DDDB71035D668
:107640004A835ECF62B5E6C80541DAC2753155BDE1
:10765000D8E3CEB8147079B5AEC46EB333C3BEB23E
:10766000AEC46EB3147079B5D8E3CEB8753155BDDC
:107670002327E9C29A615FC98B9D85D09F3E24D89C
:10768000000000E061C1DBE775627AEF669EA0F65C
:10769000DDD816FD51C21340FB22855172464F4082
:1076A000BD45B340CF200B6D103CE1426D2DFA413A
:1076B0009057D941449F91482134F943968DFC5EFF
:1076C000630ECB52C41BCC46971AD84A2E40E264B4
:1076D000F09C9D4AB31D7D7CA924E2431137AE4F37
:1076E00026CF6F6BC1923C6EA71E6056EBF64C5FC7
:1076F000044E9E5146FB404142670352EFE9454527
:1077000088DEF84CBF6B327345BA9E53BA04BFBED5
:10771000BE98FCADEFE94545782107B34194CD8C87
:1077200045BA9E5346FB404142670352EFE9454547
:1077300088DEF84CBF6B327345BA9E53BA04BFBEA5
:10774000BE98FCADEFE94545782107B34194CD8C57
:1077500045BA9E5301030507090E10121416181C92
:107760001E000000808182838485868788898A8BB9
:107770008C8D8E8F90919293949596979899AD9BBE
:107780008C9DAE9FA021A2A3A4A5A6A7A8A9AAAB41
:10779000ACADAEAFB0B1B2B3B4B5B6B7B8B9BABBB1
:1077A000BCBDBEBFC0C1C2C3C4C5C6C7C8C9CACBA1
:1077B000CCCDCECFD0D1D2D3D4D5D6D7D8D9DADB91
:1077C000DCDDDEDFC0C1C2C3C4C5C6C7C8C9CACB01
:1077D000CCCDCECFD0D1D2D3D4D5D6F7D8D9DADB51
:1077E000DCDDDE9F00401F0000A00F0000D007007E
:1077F00000E8030000F4010000FA0000007D000032
:10780000803E0000401F0000A00F000000000000AC
:107810000080004000200010000800400020001000
:107820000008000400020000AC2000001A209201B1
:107830001E20262020202120C60230206001392071
:10784000520100007D0100000000182019201C20BA
:107850001D20222013201420DC02222161013A2065
:10786000530100007E017801A000A100A200A30046
:10787000A400A500A600A700A800A900AA00AB00CC
:10788000AC00AD00AE00AF00B000B100B200B3007C
:10789000B400B500B600B700B800B900BA00BB002C
:1078A000BC00BD00BE00BF00C000C100C200C300DC
:1078B000C400C500C600C700C800C900CA00CB008C
:1078C000CC00CD00CE00CF00D000D100D200D3003C
:1078D000D400D500D600D700D800D900DA00BD000A
:1078E000DC00DD00DE00DF00E000E100E200E3009C
:1078F000E400E500E600E700E800E900EA00EB004C
:10790000EC00ED00EE00EF00F000F100F200F300FB
:10791000F400F500F600F700F800F900FA00FB00AB
:10792000FC00FD00FE00FF006100620063006400D7
:10793000650066006700680069006A006B006C0003
:107940006D006E006F0070007100720073007400B3
:10795000750076007700780079007A00A100A20017
:10796000A300A500AC00AF00E000E100E200E300EE
:10797000E400E500E600E700E800E900EA00EB00CB
:10798000EC00ED00EE00EF00F000F100F200F3007B
:10799000F400F500F600F800F900FA00FB00FC0026
:1079A000FD00FE00FF0001010301050107010901BF
:1079B0000B010D010F01110113011501170119012F
:1079C0001B011D011F01210123012501270129019F
:1079D0002B012D012F0131013301350137013A010E
:1079E0003C013E01400142014401460148014B0176
:1079F0004D014F01510153015501570159015B01DF
:107A00005D015F01610163016501670169016B014E
:107A10006D016F0171017301750177017A017C01BC
:107A20007E019201B103B203B303B403B503B603FD
:107A3000B703B803B903BA03BB03BC03BD03BE035A
:107A4000BF03C003C103C303C403C503C603C70305
:107A5000C803C903CA0330043104320433043404B4
:107A6000350436043704380439043A043B043C0432
:107A70003D043E043F0440044104420443044404E2
:107A8000450446044704480449044A044B044C0492
:107A90004D044E044F04510452045304540455043D
:107AA00056045704580459045A045B045C045E04E9
:107AB0005F04702171217221732174217521762157
:107AC0007721782179217A217B217C217D217E21DA
:107AD0007F2141FF42FF43FF44FF45FF46FF47FF31
:107AE00048FF49FF4AFF4BFF4CFF4DFF4EFF4FFF42
:107AF00050FF51FF52FF53FF54FF55FF56FF57FFF2
:107B000058FF59FF5AFF0000410042004300440063
:107B1000450046004700480049004A004B004C0021
:107B20004D004E004F0050005100520053005400D1
:107B3000550056005700580059005A002100E0FF38
:107B4000E1FFE5FFE2FFE3FFC000C100C200C300A8
:107B5000C400C500C600C700C800C900CA00CB00E9
:107B6000CC00CD00CE00CF00D000D100D200D30099
:107B7000D400D500D600D800D900DA00DB00DC0044
:107B8000DD00DE00780100010201040106010801A8
:107B90000A010C010E011001120114011601180155
:107BA0001A011C011E0120012201240126012801C5
:107BB0002A012C012E013001320134013601390134
:107BC0003B013D013F0141014301450147014A019C
:107BD0004C014E01500152015401560158015A0105
:107BE0005C015E01600162016401660168016A0175
:107BF0006C016E01700172017401760179017B01E3
:107C00007D019101910392039303940395039603DD
:107C10009703980399039A039B039C039D039E0378
:107C20009F03A003A103A303A403A503A603A70323
:107C3000A803A903AA0310041104120413041404D2
:107C4000150416041704180419041A041B041C0450
:107C50001D041E041F042004210422042304240400
:107C6000250426042704280429042A042B042C04B0
:107C70002D042E042F04010402040304040405044B
:107C800006040704080409040A040B040C040E0487
:107C90000F04602161216221632164216521662135
:107CA0006721682169216A216B216C216D216E2178
:107CB0006F2121FF22FF23FF24FF25FF26FF27FF3F
:107CC00028FF29FF2AFF2BFF2CFF2DFF2EFF2FFF60
:107CD00030FF31FF32FF33FF34FF35FF36FF37FF10
:107CE00038FF39FF3AFF0000564F4C3A00000000C1
:107CF00025732F25730000006D7033003344490055
:107D00005450453100000000544954320000000036
:107D1000222A3A3C3E3F7C7F000000002B2C3B5B3C
:107D20003D5D00004E4F204E414D45202020204615
:107D300041542020202020004E4F204E414D452010
:107D40002020204641543332202020004E2F410075
:107D5000002020202020202020202828282828201B
:107D60002020202020202020202020202020202013
:107D7000208810101010101010101010101010107B
:107D8000100404040404040404040410101010106B
:107D90001010414141414141010101010101010135
:107DA0000101010101010101010101011010101087
:107DB0001010424242424242020202020202020207
:107DC000020202020202020202020202101010105B
:107DD0002000000000000000000000000000000083
:107DE0000000000000000000000000000000000093
:107DF0000000000000000000000000000000000083
:107E00000000000000000000000000000000000072
:107E10000000000000000000000000000000000062
:107E20000000000000000000000000000000000052
:107E30000000000000000000000000000000000042
:107E40000000000000000000000000000000000032
:107E500000494E4600696E66004E414E006E616EEE
:107E60000030313233343536373839616263646516
:107E70006600303132333435363738394142434485
:107E800045460030002020202020202020202020D7
:107E90002020202020303030303030303030303032
:107EA0003030303030496E66696E697479004E61E9
:107EB0004E0042616C6C6F6320737563636565642B
:107EC0006564002F6275696C642F676E752D746F21
:107ED0006F6C732D666F722D73746D33325F313139
:107EE0002E332E72656C312E3230323330353139CB
:107EF0002D313934312F7372632F6E65776C69625F
:107F00002F6E65776C69622F6C6962632F7374647E
:107F10006C69622F64746F612E63002F6275696CE7
:107F2000642F676E752D746F6F6C732D666F722D75
:107F300073746D33325F31312E332E72656C312E96
:107F400032303233303531392D313934312F73728B
:107F5000632F6E65776C69622F6E65776C69622F2F
:107F60006C6962632F7374646C69622F6D707265E3
:107F7000632E6300000000000080E03779C34143B6
:107F8000176E05B5B5B89346F5F93FE9034F384D7F
:107F9000321D30F94877825A3CBF737FDD4F15752B
:107FA000000000000000F03F00000000000024403E
:107FB00000000000000059400000000000408F4019
:107FC000000000000088C34000000000006AF84084
:107FD0000000000080842E4100000000D0126341A8
:107FE0000000000084D797410000000065CDCD411E
:107FF000000000205FA00242000000E876483742FF
:10800000000000A2941A6D42000040E59C30A2429C
:108010000000901EC4BCD64200003426F56B0C4311
:108020000080E03779C3414300A0D88557347643B8
:1080300000C84E676DC1AB43003D9160E458E14319
:10804000408CB5781DAF154450EFE2D6E41A4B448E
:1080500092D54D06CFF08044F64AE1C7022DB544D3
:10806000B49DD9794378EA44BC89D897B2D29C3C74
:1080700033A7A8D523F649393DA7F444FD0FA5320F
:108080009D978CCF08BA5B25436FAC642806C80A5D
:1080900005000000190000007D00000020202020C5
:1080A0002020202020202020202020203030303090
:1080B0003030303030303030303030304300504F9E
:1080C000534958002E002C2066756E6374696F6EDC
:1080D0003A2000617373657274696F6E2022257394
:1080E00022206661696C65643A2066696C652022AD
:1080F0002573222C206C696E6520256425732573F9
:108100000A002020202020202020202020202020A5
:10811000202030303030303030303030303030307F
:0481200030300000FB
:08812400A863FF7F01000000C9
:10812C00000000000000000001020304060708091B
:10813C00007A030A810E0008210F0008950E000832
:10814C00110F0008A50E00081D0F0008850E000871
:10815C00890E0008150F00088D0E00080D0F000881
:10816C00050F0008090F0008290F0008910E0008E0
:10817C00CD0E0008190F0008250F000800000000A4
:10818C0000001000080000000050004000C2010078
:10819C003500000000080240001000000400000040
:1081AC000C000000000C024004000000080000005D
:1081BC0002000000010000000000040007000000A5
:1081CC000048004000C2010027000000000C0240E3
:1081DC00000100000800000008000000000C024034
:1081EC000002000008000000090000000000000070
:1081FC00010203040102030406070809B1A40008E4
:10820C00A1A4000800000000E5B00008A9B0000817
:10821C009DB000088DB100080103000000000000B3
:10822C00000000008CE00020F4E000205CE1002065
:10823C000000000000000000000000000000000032
:10824C000000000000000000000000000000000022
:10825C000000000000000000000000000000000012
:10826C000000000000000000000000000000000002
:10827C0000000000000000000000000000000000F2
:10828C0000000000000000000000000000000000E2
:10829C0000000000000000000000000000000000D2
:1082AC0000000000000000000000000000000000C2
:1082BC0000000000000000000100000000000000B1
:1082CC000E33CDAB34126DE6ECDE05000B00000076
:1082DC000000000000000000000000000000000092
:1082EC000000000000000000000000000000000082
:1082FC000000000000000000000000000000000072
:10830C000000000000000000000000000000000061
:10831C000000000000000000000000000000000051
:10832C000000000000000000000000000000000041
:10833C000000000000000000000000000000000031
:10834C000001002000000000030000008CE0002071
:10835C00000000000000000030020020300200206D
:10836C003802002038020020400200204002002089
:10837C004802002048020020500200205002002039
:10838C0058020020580200206002002060020020E9
:10839C006802002068020020700200207002002099
:1083AC007802002078020020800200208002002049
:1083BC0088020020880200209002002090020020F9
:1083CC009802002098020020A0020020A0020020A9
:1083DC00A8020020A8020020B0020020B002002059
:1083EC00B8020020B8020020C0020020C002002009
:1083FC00C8020020C8020020D0020020D0020020B9
:10840C00D8020020D8020020E0020020E002002068
:10841C00E8020020E8020020F0020020F002002018
:10842C00F8020020F80200200003002000030020C6
:10843C000803002008030020100300201003002074
:10844C001803002018030020200300202003002024
:10845C0028030020280300203003002030030020D4
:10846C003803002038030020400300204003002084
:10847C004803002048030020500300205003002034
:10848C0058030020580300206003002060030020E4
:10849C006803002068030020700300207003002094
:1084AC007803002078030020800300208003002044
:1084BC0088030020880300209003002090030020F4
:1084CC009803002098030020A0030020A0030020A4
:1084DC00A8030020A8030020B0030020B003002054
:1084EC00B8030020B8030020C0030020C003002004
:1084FC00C8030020C8030020D0030020D0030020B4
:10850C00D8030020D8030020E0030020E003002063
:10851C00E8030020E8030020F0030020F003002013
:10852C00F8030020F80300200004002000040020C1
:10853C00080400200804002010040020100400206F
:10854C00180400201804002020040020200400201F
:10855C0028040020280400203004002030040020CF
:10856C00380400203804002040040020400400207F
:10857C00480400204804002050040020500400202F
:10858C0058040020580400206004002060040020DF
:10859C00680400206804002070040020700400208F
:1085AC00780400207804002080040020800400203F
:1085BC0088040020880400209004002090040020EF
:1085CC009804002098040020A0040020A00400209F
:1085DC00A8040020A8040020B0040020B00400204F
:1085EC00B8040020B8040020C0040020C0040020FF
:1085FC00C8040020C8040020D0040020D0040020AF
:10860C00D8040020D8040020E0040020E00400205E
:10861C00E8040020E8040020F0040020F00400200E
:10862C00F8040020F80400200005002000050020BC
:10863C00080500200805002010050020100500206A
:10864C00180500201805002020050020200500201A
:10865C0028050020280500203005002030050020CA
:10866C00380500203805002040050020400500207A
:10867C00480500204805002050050020500500202A
:10868C0058050020580500206005002060050020DA
:10869C00680500206805002070050020700500208A
:1086AC00780500207805002080050020800500203A
:1086BC0088050020880500209005002090050020EA
:1086CC009805002098050020A0050020A00500209A
:1086DC00A8050020A8050020B0050020B00500204A
:1086EC00B8050020B8050020C0050020C0050020FA
:1086FC00C8050020C8050020D0050020D0050020AA
:10870C00D8050020D8050020E0050020E005002059
:10871C00E8050020E8050020F0050020F005002009
:10872C00F8050020F80500200006002000060020B7
:10873C000806002008060020100600201006002065
:10874C001806002018060020200600202006002015
:10875C002806002028060020FFFFFFFF0000020073
:10876C0043000000000000000000000000000000BA
:10877C0000000000000000000000000000000000ED
:10878C00430000000000000000000000000000009A
:10879C0000000000000000000000000000000000CD
:1087AC00430000000000000000000000000000007A
:1087BC0000000000000000000000000000000000AD
:1087CC00430000000000000000000000000000005A
:1087DC00000000000000000000000000000000008D
:1087EC00430000000000000000000000000000003A
:1087FC00000000000000000000000000000000006D
:10880C004300000000000000000000000000000019
:10881C00000000000000000000000000000000004C
:10882C0043000000000000000000000000000000F9
:10883C00000000000000000000000000000000002C
:10884C00F9300108712D010800000000507D01086D
:10885C00C48001080181010801810108018101081E
:10886C0001810108018101080181010801810108D0
:10887C000181010801810108FFFFFFFFFFFFFFFFDE
:10888C00FFFFFFFFFFFF0000010041534349490078
:10889C0000000000000000000000000000000000CC
:1088AC000000000000000000000041534349490053
:1088BC0000000000000000000000000000000000AC
:0C88CC00000000000000000000000000A0
:040000050800E839CE
:00000001FF
